--
-- PostgreSQL database dump
--

-- Dumped from database version 17.5
-- Dumped by pg_dump version 17.5

SET statement_timeout = 0;
SET lock_timeout = 0;
SET idle_in_transaction_session_timeout = 0;
SET transaction_timeout = 0;
SET client_encoding = 'UTF8';
SET standard_conforming_strings = on;
SELECT pg_catalog.set_config('search_path', '', false);
SET check_function_bodies = false;
SET xmloption = content;
SET client_min_messages = warning;
SET row_security = off;

--
-- Data for Name: positions; Type: TABLE DATA; Schema: public; Owner: postgres
--



--
-- Data for Name: users; Type: TABLE DATA; Schema: public; Owner: postgres
--

INSERT INTO public.users VALUES ('17eab49d-0e03-4c68-bfc4-69999f93c5f3', 'employee2', '$2b$10$VWXYZAB1234567890HASHEDPASS4', 'Employee', '2025-08-27 12:35:11.647736', '2025-08-27 12:35:11.647736');
INSERT INTO public.users VALUES ('f9a728f6-2aa9-4f8e-a544-4a05b9269dae', 'hr.manager', '$2b$10$ABCDEFG1234567890HASHEDPASS1', 'Department_Responsible', '2025-08-27 12:35:11.647736', '2025-09-03 09:59:38.850965');
INSERT INTO public.users VALUES ('6d927a2a-83ba-4a6e-81d5-5d53d6457b43', 'directeur@entreprise.com', '$2b$10$92IXUNpkjO0rOQ5byMi.Ye4oKoEa3Ro9llC/.og/at2.uheWG/igi', 'Director', '2025-09-09 09:32:33.196958', '2025-09-09 09:32:33.196958');
INSERT INTO public.users VALUES ('eef65169-a61e-45bf-b7ed-c7897d7443d6', 'employee1', '$2b$10$OPQRSTU1234567890HASHEDPASS3', 'Director', '2025-08-27 12:35:11.647736', '2025-09-09 09:51:29.624829');
INSERT INTO public.users VALUES ('ded61506-b389-4004-83f8-33eed0ea6c76', 'resp_info', '$2b$10$ABcXyZ1234567890abcdefgH', 'Department_Responsible', '2025-09-09 11:53:26.882277', '2025-09-09 11:53:26.882277');
INSERT INTO public.users VALUES ('35ab1996-5661-468b-8368-f4ebf68d01cb', 'resp_autre', '$2b$10$IJkLmN1234567890opqrstuV', 'Department_Responsible', '2025-09-09 11:53:26.882277', '2025-09-09 11:53:26.882277');
INSERT INTO public.users VALUES ('7c1b6237-e8ec-4b90-b519-e7be3ce4889e', 'emp1', '$2b$10$QRsTuV1234567890wxyzabcD', 'Employee', '2025-09-09 11:53:26.882277', '2025-09-09 11:53:26.882277');
INSERT INTO public.users VALUES ('c1af6477-ba37-48d7-b06c-a5c33820d36c', 'emp2', '$2b$10$WxYzAb1234567890cdefghiJ', 'Employee', '2025-09-09 11:53:26.882277', '2025-09-09 11:53:26.882277');
INSERT INTO public.users VALUES ('483bba2c-4b12-4dc7-8449-b69931643020', 'emp3', '$2b$10$KlMnOp1234567890qrstuvwX', 'Employee', '2025-09-09 11:53:26.882277', '2025-09-09 11:53:26.882277');
INSERT INTO public.users VALUES ('2e7b3b05-aa3a-407f-abb1-bc52b216102e', 'emp4', '$2b$10$EFgHiJ1234567890klmnopqR', 'Employee', '2025-09-09 11:53:26.882277', '2025-09-09 11:53:26.882277');
INSERT INTO public.users VALUES ('f2de5462-7c21-4e9c-b070-283c28429007', 'dept.resp', '$2b$10$HIJKLMN1234567890HASHEDPASS2', 'Department_Responsible', '2025-08-27 12:35:11.647736', '2025-09-09 12:08:31.851879');
INSERT INTO public.users VALUES ('e6a73462-6516-415b-b188-7352267c17e7', 'directeur.general', '$2a$10$92IXUNpkjO0rOQ5byMi.Ye4oKoEa3Ro9llC/.og/at2.uheWG/igi', 'Director', '2025-09-10 12:01:02.512829', '2025-09-10 12:01:02.512829');
INSERT INTO public.users VALUES ('79f034a9-ee01-4de2-9238-549e53bb794f', 'direction.general', '$2a$10$92IXUNpkjO0rOQ5byMi.Ye4oKoEa3Ro9llC/.og/at2.uheWG/igi', 'Director', '2025-09-10 12:02:51.07894', '2025-09-10 12:02:51.07894');


--
-- Data for Name: employees; Type: TABLE DATA; Schema: public; Owner: postgres
--

INSERT INTO public.employees VALUES ('33e94f83-bd19-4ab2-9da5-e4452daee40a', 'f9a728f6-2aa9-4f8e-a544-4a05b9269dae', NULL, NULL, 'Sophie', 'Martin', NULL, NULL, 'Female', '1985-04-12', '+33601010101', 'sophie.martin@company.com', NULL, NULL, NULL, '2020-01-15', NULL, false, NULL, NULL, NULL, '2025-08-27 12:35:49.536867', '2025-08-27 12:35:49.536867', NULL, NULL, NULL, 'en', '{"sms": false, "push": true, "email": true}', 'light');
INSERT INTO public.employees VALUES ('49459fe7-4d26-4199-a022-7cb8d906f20f', 'f2de5462-7c21-4e9c-b070-283c28429007', NULL, NULL, 'Karim', 'Bensalah', NULL, NULL, 'Male', '1982-11-20', '+33602020202', 'karim.bensalah@company.com', NULL, NULL, NULL, '2018-09-01', NULL, false, NULL, NULL, NULL, '2025-08-27 12:35:49.536867', '2025-08-27 12:35:49.536867', NULL, NULL, NULL, 'en', '{"sms": false, "push": true, "email": true}', 'light');
INSERT INTO public.employees VALUES ('ec603af3-61a2-4673-a614-3284a0bfc96c', 'eef65169-a61e-45bf-b7ed-c7897d7443d6', NULL, NULL, 'Laura', 'Dupont', NULL, NULL, 'Female', '1993-06-07', '+33603030303', 'laura.dupont@company.com', NULL, NULL, NULL, '2022-03-10', NULL, false, NULL, NULL, NULL, '2025-08-27 12:35:49.536867', '2025-08-27 12:35:49.536867', NULL, NULL, NULL, 'en', '{"sms": false, "push": true, "email": true}', 'light');
INSERT INTO public.employees VALUES ('2ab3b987-fc12-4e33-bbfa-5fa1a17dbb13', '17eab49d-0e03-4c68-bfc4-69999f93c5f3', NULL, NULL, 'Omar', 'Benali', NULL, NULL, 'Male', '1995-09-14', '+33604040404', 'omar.benali@company.com', NULL, NULL, NULL, '2021-11-05', NULL, false, NULL, NULL, NULL, '2025-08-27 12:35:49.536867', '2025-08-27 12:35:49.536867', NULL, NULL, NULL, 'en', '{"sms": false, "push": true, "email": true}', 'light');
INSERT INTO public.employees VALUES ('a8ee5c63-0247-4718-88ba-00bce696fc41', 'ded61506-b389-4004-83f8-33eed0ea6c76', NULL, NULL, 'Jean', 'Dupont', NULL, NULL, NULL, NULL, NULL, 'jean.dupont@example.com', NULL, NULL, NULL, NULL, NULL, false, NULL, NULL, NULL, '2025-09-09 11:53:26.882277', '2025-09-09 11:53:26.882277', NULL, NULL, NULL, 'en', '{"sms": false, "push": true, "email": true}', 'light');
INSERT INTO public.employees VALUES ('30f3cf89-bfe7-433b-9d6a-e54c314913c5', '35ab1996-5661-468b-8368-f4ebf68d01cb', NULL, NULL, 'Marie', 'Martin', NULL, NULL, NULL, NULL, NULL, 'marie.martin@example.com', NULL, NULL, NULL, NULL, NULL, false, NULL, NULL, NULL, '2025-09-09 11:53:26.882277', '2025-09-09 11:53:26.882277', NULL, NULL, NULL, 'en', '{"sms": false, "push": true, "email": true}', 'light');
INSERT INTO public.employees VALUES ('64285109-002c-4598-8afc-d2ac755ab026', '7c1b6237-e8ec-4b90-b519-e7be3ce4889e', NULL, NULL, 'Paul', 'Durand', NULL, NULL, NULL, NULL, NULL, 'paul.durand@example.com', NULL, NULL, NULL, NULL, NULL, false, NULL, NULL, NULL, '2025-09-09 11:53:26.882277', '2025-09-09 11:53:26.882277', NULL, NULL, NULL, 'en', '{"sms": false, "push": true, "email": true}', 'light');
INSERT INTO public.employees VALUES ('fa322927-92b0-49b9-ae44-da1cf8e485ec', 'c1af6477-ba37-48d7-b06c-a5c33820d36c', NULL, NULL, 'Sophie', 'Leroy', NULL, NULL, NULL, NULL, NULL, 'sophie.leroy@example.com', NULL, NULL, NULL, NULL, NULL, false, NULL, NULL, NULL, '2025-09-09 11:53:26.882277', '2025-09-09 11:53:26.882277', NULL, NULL, NULL, 'en', '{"sms": false, "push": true, "email": true}', 'light');
INSERT INTO public.employees VALUES ('e53978dd-3afe-4ad2-b06e-7ad01de42f81', '483bba2c-4b12-4dc7-8449-b69931643020', NULL, NULL, 'Luc', 'Moreau', NULL, NULL, NULL, NULL, NULL, 'luc.moreau@example.com', NULL, NULL, NULL, NULL, NULL, false, NULL, NULL, NULL, '2025-09-09 11:53:26.882277', '2025-09-09 11:53:26.882277', NULL, NULL, NULL, 'en', '{"sms": false, "push": true, "email": true}', 'light');
INSERT INTO public.employees VALUES ('75ce2754-bd2f-433c-96ac-42a94fbde818', '2e7b3b05-aa3a-407f-abb1-bc52b216102e', NULL, NULL, 'Julie', 'Petit', NULL, NULL, NULL, NULL, NULL, 'julie.petit@example.com', NULL, NULL, NULL, NULL, NULL, false, NULL, NULL, NULL, '2025-09-09 11:53:26.882277', '2025-09-09 11:53:26.882277', NULL, NULL, NULL, 'en', '{"sms": false, "push": true, "email": true}', 'light');
INSERT INTO public.employees VALUES ('17eab49d-0e03-4c68-bfc4-69999f93c5f3', '17eab49d-0e03-4c68-bfc4-69999f93c5f3', NULL, NULL, 'Pr├йnom', 'Nom', NULL, NULL, NULL, NULL, NULL, 'employee2@example.com', NULL, NULL, NULL, NULL, NULL, false, NULL, NULL, NULL, '2025-09-09 12:03:18.883944', '2025-09-09 12:03:18.883944', NULL, NULL, NULL, 'en', '{"sms": false, "push": true, "email": true}', 'light');
INSERT INTO public.employees VALUES ('8335ce70-8d9f-47f7-b2a3-c8fd18cd0ecf', '79f034a9-ee01-4de2-9238-549e53bb794f', NULL, NULL, 'Jean', 'Dupont', NULL, NULL, 'Male', '1975-05-15', '+33123456789', 'jean.dupont@entreprise.com', 'Fran├зaise', '123 Avenue des Champs-├Йlys├йes, 75008 Paris', NULL, '2010-01-15', 'Married', false, NULL, NULL, 'Master', '2025-09-10 12:02:51.07894', '2025-09-10 12:02:51.07894', NULL, NULL, NULL, 'en', '{"sms": false, "push": true, "email": true}', 'light');


--
-- Data for Name: attendance; Type: TABLE DATA; Schema: public; Owner: postgres
--



--
-- Data for Name: departments; Type: TABLE DATA; Schema: public; Owner: postgres
--

INSERT INTO public.departments VALUES ('4a950d19-299d-498a-b1b0-928626e137a8', 'Ressources Humaines', '30f3cf89-bfe7-433b-9d6a-e54c314913c5', '2025-09-09 12:03:18.883944', '2025-09-09 12:03:18.883944');
INSERT INTO public.departments VALUES ('fd201bb6-67ee-43ff-b3ba-77abe18e864c', 'Informatique', '49459fe7-4d26-4199-a022-7cb8d906f20f', '2025-09-09 12:03:18.883944', '2025-09-09 12:08:31.851879');


--
-- Data for Name: employee_departments; Type: TABLE DATA; Schema: public; Owner: postgres
--

INSERT INTO public.employee_departments VALUES ('64285109-002c-4598-8afc-d2ac755ab026', 'fd201bb6-67ee-43ff-b3ba-77abe18e864c', '2025-09-09 12:03:18.883944', '2025-09-09 12:03:18.883944');
INSERT INTO public.employee_departments VALUES ('fa322927-92b0-49b9-ae44-da1cf8e485ec', 'fd201bb6-67ee-43ff-b3ba-77abe18e864c', '2025-09-09 12:03:18.883944', '2025-09-09 12:03:18.883944');
INSERT INTO public.employee_departments VALUES ('17eab49d-0e03-4c68-bfc4-69999f93c5f3', 'fd201bb6-67ee-43ff-b3ba-77abe18e864c', '2025-09-09 12:03:18.883944', '2025-09-09 12:03:18.883944');
INSERT INTO public.employee_departments VALUES ('e53978dd-3afe-4ad2-b06e-7ad01de42f81', '4a950d19-299d-498a-b1b0-928626e137a8', '2025-09-09 12:03:18.883944', '2025-09-09 12:03:18.883944');
INSERT INTO public.employee_departments VALUES ('75ce2754-bd2f-433c-96ac-42a94fbde818', '4a950d19-299d-498a-b1b0-928626e137a8', '2025-09-09 12:03:18.883944', '2025-09-09 12:03:18.883944');
INSERT INTO public.employee_departments VALUES ('2ab3b987-fc12-4e33-bbfa-5fa1a17dbb13', 'fd201bb6-67ee-43ff-b3ba-77abe18e864c', '2025-09-09 12:10:45.089373', '2025-09-09 12:10:45.089373');


--
-- Data for Name: employee_reports; Type: TABLE DATA; Schema: public; Owner: postgres
--

INSERT INTO public.employee_reports VALUES ('183ecdf1-115f-474d-8ec2-fd5ce3bf2e65', '2ab3b987-fc12-4e33-bbfa-5fa1a17dbb13', '╪к┘В╪▒┘К╪▒ ╪н┘И┘Д ╪н╪з┘Д╪й ╪╣┘Ж┘Б ╪и┘К┘Ж ╪╖╪з┘Д╪и┘К┘Ж ╪п╪з╪о┘Д ╪з┘Д┘Е╪д╪│╪│╪й', '╪н╪з╪п╪л╪й ╪┤╪м╪з╪▒ ╪╣┘Ж┘К┘Б ╪и┘К┘Ж ╪╖╪з┘Д╪и┘К┘Ж ┘Б┘К ╪│╪з╪н╪й ╪з┘Д┘Е╪п╪▒╪│╪й', '┘Б┘К ┘К┘И┘Е ╪з┘Д╪г╪▒╪и╪╣╪з╪б 15 ╪г┘Г╪к┘И╪и╪▒ 2025╪М ╪н┘И╪з┘Д┘К ╪з┘Д╪│╪з╪╣╪й ╪з┘Д╪╣╪з╪┤╪▒╪й ╪╡╪и╪з╪н┘Л╪з╪М ╪к┘Е ╪к╪│╪м┘К┘Д ╪┤╪м╪з╪▒ ╪╣┘Ж┘К┘Б ╪и┘К┘Ж ╪з┘Д╪╖╪з┘Д╪и┘К┘Ж (┘Е╪н┘Е╪п.╪▒) ┘И (┘Г╪▒┘К┘Е.╪│) ┘Б┘К ╪│╪з╪н╪й ╪з┘Д┘Е╪п╪▒╪│╪й ╪г╪л┘Ж╪з╪б ┘Б╪к╪▒╪й ╪з┘Д╪з╪│╪к╪▒╪з╪н╪й.
╪к╪п╪о┘Д ╪з┘Д┘Е╪┤╪▒┘Б┘И┘Ж ╪и╪│╪▒╪╣╪й ┘Д┘Б╪╢┘С ╪з┘Д┘Ж╪▓╪з╪╣ ┘И┘Е┘Ж╪╣ ╪к┘Б╪з┘В┘Е ╪з┘Д┘И╪╢╪╣╪М ╪н┘К╪л ╪к╪и┘К┘С┘Ж ╪г┘Ж ╪г╪н╪п ╪з┘Д╪╖╪з┘Д╪и┘К┘Ж ╪г╪╡┘К╪и ╪и╪м╪▒╪н ╪о┘Б┘К┘Б ┘Б┘К ╪з┘Д╪░╪▒╪з╪╣.
╪к┘Е ┘Ж┘В┘Д ╪з┘Д╪╖╪з┘Д╪и ╪е┘Д┘Й ╪з┘Д╪╣┘К╪з╪п╪й ╪з┘Д┘Е╪п╪▒╪│┘К╪й ┘Д╪к┘Д┘В┘К ╪з┘Д╪е╪│╪╣╪з┘Б╪з╪к ╪з┘Д╪г┘И┘Д┘К╪й╪М ┘Г┘Е╪з ╪к┘Е ╪е╪и┘Д╪з╪║ ╪з┘Д╪е╪п╪з╪▒╪й ┘И ╪з╪│╪к╪п╪╣╪з╪б ╪г┘И┘Д┘К╪з╪б ╪з┘Д╪г┘Е┘И╪▒.
╪│┘К╪к┘Е ┘Б╪к╪н ╪к╪н┘В┘К┘В ╪к╪▒╪и┘И┘К ┘Б┘К ╪з┘Д╪н╪з╪п╪л╪й ┘И╪з╪к╪о╪з╪░ ╪з┘Д╪е╪м╪▒╪з╪б╪з╪к ╪з┘Д╪к╪г╪п┘К╪и┘К╪й ╪з┘Д┘Д╪з╪▓┘Е╪й ┘И┘Б┘В┘Л╪з ┘Д┘Д┘Ж╪╕╪з┘Е ╪з┘Д╪п╪з╪о┘Д┘К ┘Д┘Д┘Е╪д╪│╪│╪й.

╪е┘Е╪╢╪з╪б:

┘Е╪п┘К╪▒ ╪з┘Д┘Е╪к┘И╪│╪╖╪й
╪з┘Д╪г╪│╪к╪з╪░: ╪г╪н┘Е╪п ╪и┘Ж ┘К┘И╪│┘Б

┘Е╪╣ ┘Б╪з╪ж┘В ╪з┘Д╪з╪н╪к╪▒╪з┘Е,', NULL, 'pending', 'Destinataire: Directeur G├йn├йral', 'http://localhost:3004/api/rapportemp/183ecdf1-115f-474d-8ec2-fd5ce3bf2e65/pdf', '2025-10-15 09:10:27.164861', '2025-10-15 09:10:28.695502', NULL, true, '{"summary": "╪к┘В╪▒┘К╪▒ ╪╣┘Ж ╪н╪з╪п╪л╪й ╪┤╪м╪з╪▒ ╪и┘К┘Ж ╪╖╪з┘Д╪и┘К┘Ж ┘Б┘К ╪│╪з╪н╪й ╪з┘Д┘Е╪п╪▒╪│╪й╪М ╪к┘Е ╪к╪п╪о┘Д ╪з┘Д┘Е╪┤╪▒┘Б┘И┘Ж ┘Д┘Б╪╢┘С ╪з┘Д┘Ж╪▓╪з╪╣╪М ┘И╪г╪╡┘К╪и ╪г╪н╪п ╪з┘Д╪╖╪з┘Д╪и┘К┘Ж ╪и╪м╪▒╪н ╪о┘Б┘К┘Б. ╪│┘К╪к┘Е ┘Б╪к╪н ╪к╪н┘В┘К┘В ╪к╪▒╪и┘И┘К ┘Б┘К ╪з┘Д╪н╪з╪п╪л╪й.", "urgency": {"level": "┘Е╪к┘И╪│╪╖", "score": 9, "source": "hybrid", "levelFr": "tr├иs urgent", "reasoning": "L''incident n├йcessite une attention rapide pour pr├йvenir de futurs conflits", "dictionary_match": true}, "entities": {"dates": ["15 ╪г┘Г╪к┘И╪и╪▒ 2025"], "persons": ["┘Е╪н┘Е╪п.╪▒", "┘Г╪▒┘К┘Е.╪│", "╪г╪н┘Е╪п ╪и┘Ж ┘К┘И╪│┘Б"], "locations": ["╪│╪з╪н╪й ╪з┘Д┘Е╪п╪▒╪│╪й", "╪з┘Д╪╣┘К╪з╪п╪й ╪з┘Д┘Е╪п╪▒╪│┘К╪й"], "organizations": ["╪з┘Д┘Е╪д╪│╪│╪й"]}, "keywords": ["╪┤╪м╪з╪▒ ╪╣┘Ж┘К┘Б", "╪╣┘Ж┘Б", "╪┤╪м╪з╪▒", "╪╖╪з┘Д╪и┘К┘Ж", "┘Е╪п╪▒╪│╪й", "┘Е╪┤╪▒┘Б┘И┘Ж", "╪м╪▒╪н", "╪к╪н┘В┘К┘В", "╪к╪▒╪и┘И┘К", "╪е╪м╪▒╪з╪б╪з╪к"], "metadata": {"model": "llama-3.3-70b-versatile", "provider": "groq", "analyzed_at": "2025-10-15T08:10:28.691Z", "content_length": 519, "hybrid_analysis": true, "dictionary_version": "1.0"}, "severity": {"level": "╪╣╪з┘Д┘К ╪м╪п╪з", "score": 9, "source": "dictionary_priority", "levelFr": "tr├иs urgent", "ai_score": 5, "reasoning": "Le conflit a entra├оn├й des blessures et n├йcessite une enqu├кte", "dictionary_match": true, "dictionary_score": 9}, "sentiment": {"label": "╪│┘Д╪и┘К", "score": 0.4}, "categories": ["╪н┘И╪з╪п╪л", "┘Е╪п╪▒╪│╪й", "╪┤╪м╪з╪▒", "╪к╪н┘В┘К┘В"], "analysis_method": {"ai_provider": "groq", "fusion_strategy": "dictionary_priority", "dictionary_detected": "veryHigh", "dictionary_keywords_count": 2}}', NULL);
INSERT INTO public.employee_reports VALUES ('50c7f176-3fc1-4796-9d2c-7b1163dbed8f', '2ab3b987-fc12-4e33-bbfa-5fa1a17dbb13', '╪к┘В╪▒┘К╪▒ ╪н┘И┘Д ┘Е╪┤╪з╪▒┘Г╪й ╪к┘Д┘Е┘К╪░ ┘Б┘К ┘Ж╪┤╪з╪╖ ┘Е╪п╪▒╪│┘К', '┘Е╪┤╪з╪▒┘Г╪й ┘Б╪╣╪з┘Д╪й ┘Б┘К ╪з┘Д┘Ж╪┤╪з╪╖ ╪з┘Д╪л┘В╪з┘Б┘К ╪з┘Д╪г╪│╪и┘И╪╣┘К', '╪┤╪з╪▒┘Г ╪з┘Д╪к┘Д┘Е┘К╪░ ┘К┘И╪│┘Б ╪и. ╪и┘Ж╪┤╪з╪╖ ┘И╪н┘Е╪з╪│ ┘Б┘К ╪з┘Д┘Е╪│╪з╪и┘В╪й ╪з┘Д╪л┘В╪з┘Б┘К╪й ╪з┘Д╪к┘К ┘Ж┘П╪╕┘С┘Е╪к ┘К┘И┘Е ╪з┘Д╪з╪л┘Ж┘К┘Ж 13 ╪г┘Г╪к┘И╪и╪▒ 2025.
╪г╪и╪п┘Й ╪з┘З╪к┘Е╪з┘Е┘Л╪з ┘Г╪и┘К╪▒┘Л╪з ┘И╪к╪╣╪з┘И┘Ж┘Л╪з ╪е┘К╪м╪з╪и┘К┘Л╪з ┘Е╪╣ ╪▓┘Е┘Д╪з╪ж┘З╪М ┘Е┘Е╪з ╪│╪з┘З┘Е ┘Б┘К ╪е┘Ж╪м╪з╪н ╪з┘Д┘Ж╪┤╪з╪╖.
┘К┘П╪л┘Ж┘Й ╪╣┘Д┘Й ╪│┘Д┘И┘Г┘З ╪з┘Д╪╖┘К╪и ┘И╪▒┘И╪н┘З ╪з┘Д╪м┘Е╪з╪╣┘К╪й ╪п╪з╪о┘Д ╪з┘Д┘В╪│┘Е ┘И╪о╪з╪▒╪м┘З.

┘Е╪╣ ┘Б╪з╪ж┘В ╪з┘Д╪з╪н╪к╪▒╪з┘Е,', NULL, 'pending', 'Destinataire: Directeur G├йn├йral', 'http://localhost:3004/api/rapportemp/50c7f176-3fc1-4796-9d2c-7b1163dbed8f/pdf', '2025-10-15 09:12:06.929727', '2025-10-15 09:12:08.984549', NULL, true, '{"summary": "╪к┘В╪▒┘К╪▒ ╪╣┘Ж ┘Е╪┤╪з╪▒┘Г╪й ╪к┘Д┘Е┘К╪░ ┘Б┘К ┘Ж╪┤╪з╪╖ ┘Е╪п╪▒╪│┘К╪М ╪┤╪з╪▒┘Г ╪з┘Д╪к┘Д┘Е┘К╪░ ┘К┘И╪│┘Б ╪и. ╪и┘Ж╪┤╪з╪╖ ┘И╪н┘Е╪з╪│ ┘Б┘К ╪з┘Д┘Е╪│╪з╪и┘В╪й ╪з┘Д╪л┘В╪з┘Б┘К╪й.", "urgency": {"level": "┘Е┘Ж╪о┘Б╪╢", "score": 2, "source": "weighted_hybrid", "levelFr": "faible", "reasoning": "Le rapport est une simple mise ├а jour sur la participation d''un ├йl├иve et ne n├йcessite pas d''action urgente.", "dictionary_match": true}, "entities": {"dates": ["13 ╪г┘Г╪к┘И╪и╪▒ 2025"], "persons": ["┘К┘И╪│┘Б ╪и."], "locations": [], "organizations": []}, "keywords": ["┘Ж╪м╪з╪н", "┘Е╪│╪з╪и┘В╪й", "┘Е╪┤╪з╪▒┘Г╪й", "┘Ж╪┤╪з╪╖", "╪л┘В╪з┘Б┘К", "┘Е╪│╪з╪и┘В╪й", "╪к┘Д┘Е┘К╪░", "┘К┘И╪│┘Б", "┘Е╪п╪▒╪│┘К", "╪е┘К╪м╪з╪и┘К", "╪к╪╣╪з┘И┘Ж"], "metadata": {"model": "llama-3.3-70b-versatile", "provider": "groq", "analyzed_at": "2025-10-15T08:12:08.981Z", "content_length": 244, "hybrid_analysis": true, "dictionary_version": "1.0"}, "severity": {"level": "┘Е┘Ж╪о┘Б╪╢╪й", "score": 2, "source": "weighted_hybrid", "levelFr": "faible", "ai_score": 2, "reasoning": "Le rapport est positif et ne contient aucune information n├йgative ou critique.", "dictionary_match": true, "dictionary_score": 2}, "sentiment": {"label": "╪е┘К╪м╪з╪и┘К", "score": 0.9}, "categories": ["╪к┘В╪▒┘К╪▒ ┘Е╪п╪▒╪│┘К", "┘Ж╪┤╪з╪╖ ╪л┘В╪з┘Б┘К", "┘Е╪┤╪з╪▒┘Г╪й ╪к┘Д┘Е┘К╪░"], "analysis_method": {"ai_provider": "groq", "fusion_strategy": "weighted_hybrid", "dictionary_detected": "low", "dictionary_keywords_count": 2}}', NULL);
INSERT INTO public.employee_reports VALUES ('facb3ad1-6ae1-4192-849e-933c2afa42d6', '2ab3b987-fc12-4e33-bbfa-5fa1a17dbb13', '╪к┘В╪▒┘К╪▒ ╪н┘И┘Д ╪к╪г╪о╪▒ ╪к┘Д┘Е┘К╪░ ╪╣┘Ж ╪з┘Д╪н╪╡╪й ╪з┘Д╪╡╪и╪з╪н┘К╪й', '╪к╪г╪о╪▒  ┘И┘Е╪к┘Г╪▒╪▒ ┘Д╪к┘Д┘Е┘К╪░ ╪╣┘Ж ╪и╪п╪з┘К╪й ╪з┘Д╪п╪▒┘И╪│', '┘Д┘И╪н╪╕ ╪г┘Ж ╪з┘Д╪к┘Д┘Е┘К╪░ ╪г┘Е┘К┘Ж.╪▒ ╪к╪г╪о╪▒ ╪╣┘Ж ╪з┘Д╪н╪╡╪й ╪з┘Д╪г┘И┘Д┘Й ┘Б┘К ╪л┘Д╪з╪л╪й ╪г┘К╪з┘Е ┘Е╪к╪к╪з┘Д┘К╪й.
╪к┘Е ╪к┘Ж╪и┘К┘З┘З ╪┤┘Б┘З┘К╪з┘Л ╪и╪╢╪▒┘И╪▒╪й ╪з╪н╪к╪▒╪з┘Е ┘Е┘И╪з┘В┘К╪к ╪з┘Д╪п╪о┘И┘Д╪М ┘И┘В╪п ╪и╪▒╪▒ ╪к╪г╪о╪▒┘З ╪и┘И╪│╪з╪ж┘Д ╪з┘Д┘Ж┘В┘Д.
 ╪з┘В╪к┘П╪▒╪н ╪╣┘Д┘Й ╪з┘Д╪е╪п╪з╪▒╪й ╪з┘Д╪к┘И╪з╪╡┘Д ┘Е╪╣ ┘И┘Д┘К ╪г┘Е╪▒┘З ┘Д┘Д╪к╪░┘Г┘К╪▒ ╪и╪г┘З┘Е┘К╪й ╪з┘Д╪з┘Ж╪╢╪и╪з╪╖ ╪з┘Д╪▓┘Е┘Ж┘К.

┘Е╪╣ ┘Б╪з╪ж┘В ╪з┘Д╪з╪н╪к╪▒╪з┘Е,', NULL, 'pending', 'Destinataire: Directeur G├йn├йral', 'http://localhost:3004/api/rapportemp/facb3ad1-6ae1-4192-849e-933c2afa42d6/pdf', '2025-10-15 09:13:17.358458', '2025-10-15 09:13:18.431309', NULL, true, '{"summary": "╪к╪г╪о╪▒ ╪к┘Д┘Е┘К╪░ ╪╣┘Ж ╪з┘Д╪н╪╡╪й ╪з┘Д╪╡╪и╪з╪н┘К╪й ╪л┘Д╪з╪л╪й ╪г┘К╪з┘Е ┘Е╪к╪к╪з┘Д┘К╪й", "urgency": {"level": "┘Е╪к┘И╪│╪╖", "score": 5, "source": "ai_only", "reasoning": "Le rapport sugg├иre une action ├а prendre, mais sans urgence extr├кme", "dictionary_match": false}, "entities": {"dates": [], "persons": ["╪г┘Е┘К┘Ж"], "locations": [], "organizations": []}, "keywords": ["╪к╪г╪о╪▒", "╪к┘Д┘Е┘К╪░", "╪н╪╡╪й ╪╡╪и╪з╪н┘К╪й", "╪к┘Ж╪и┘К┘З", "┘И╪│╪з╪ж┘Д ┘Ж┘В┘Д", "╪з┘Ж╪╢╪и╪з╪╖ ╪▓┘Е┘Ж┘К"], "metadata": {"model": "llama-3.3-70b-versatile", "provider": "groq", "analyzed_at": "2025-10-15T08:13:18.427Z", "content_length": 231, "hybrid_analysis": true, "dictionary_version": "1.0"}, "severity": {"level": "┘Е╪к┘И╪│╪╖╪й", "score": 5, "source": "ai_only", "reasoning": "Le rapport mentionne un probl├иme de retard r├йp├йt├й, mais sans cons├йquences graves", "dictionary_match": false, "dictionary_score": 0}, "sentiment": {"label": "╪│┘Д╪и┘К", "score": 0.4}, "categories": ["╪к╪г╪о╪▒", "╪з┘Ж╪╢╪и╪з╪╖", "╪к╪╣┘Д┘К┘Е"], "analysis_method": {"ai_provider": "groq", "fusion_strategy": "ai_only", "dictionary_detected": "none", "dictionary_keywords_count": 0}}', NULL);
INSERT INTO public.employee_reports VALUES ('6290fd53-4984-469b-af3b-4c282e010677', '2ab3b987-fc12-4e33-bbfa-5fa1a17dbb13', '╪к┘В╪▒┘К╪▒ ╪н┘И┘Д ╪│┘Д┘И┘Г ╪╣╪п┘И╪з┘Ж┘К ┘Д╪╖╪з┘Д╪и ╪п╪з╪о┘Д ╪з┘Д┘В╪│┘Е', '╪к╪╡╪▒┘Б ╪╣╪п┘И╪з┘Ж┘К ┘И╪к┘З╪п┘К╪п ┘Д┘Б╪╕┘К ╪╢╪п ╪▓┘Е┘К┘Д', '
╪о┘Д╪з┘Д ╪н╪╡╪й ╪з┘Д┘Д╪║╪й ╪з┘Д╪╣╪▒╪и┘К╪й ┘Д┘К┘И┘Е ╪з┘Д╪л┘Д╪з╪л╪з╪б 14 ╪г┘Г╪к┘И╪и╪▒ 2025╪М ┘В╪з┘Е ╪з┘Д╪к┘Д┘Е┘К╪░ ╪│╪з┘Е┘К.┘Е ╪и╪к┘И╪м┘К┘З ┘Г┘Д┘Е╪з╪к ┘Ж╪з╪и┘К╪й ┘И╪к┘З╪п┘К╪п ╪г╪н╪п ╪▓┘Е┘Д╪з╪ж┘З ╪и╪│╪и╪и ╪о┘Д╪з┘Б ╪и╪│┘К╪╖.
╪к┘Е ╪к┘З╪п╪ж╪й ╪з┘Д┘Е┘И┘В┘Б ┘Е┘Ж ┘В╪и┘Д ╪з┘Д╪г╪│╪к╪з╪░╪М ┘И╪з╪│╪к┘П╪п╪╣┘К ╪з┘Д╪к┘Д┘Е┘К╪░ ╪е┘Д┘Й ╪з┘Д╪е╪п╪з╪▒╪й.
╪│┘К╪к┘Е ╪з╪к╪о╪з╪░ ╪е╪м╪▒╪з╪б╪з╪к ╪к╪▒╪и┘И┘К╪й ┘И╪е╪┤╪▒╪з┘Г ┘Е╪│╪к╪┤╪з╪▒ ╪з┘Д╪к┘И╪м┘К┘З ╪з┘Д┘Е╪п╪▒╪│┘К ┘Д┘Е╪к╪з╪и╪╣╪й ╪з┘Д╪н╪з┘Д╪й.

┘Е╪╣ ┘Б╪з╪ж┘В ╪з┘Д╪з╪н╪к╪▒╪з┘Е,', NULL, 'pending', 'Destinataire: Directeur G├йn├йral', 'http://localhost:3004/api/rapportemp/6290fd53-4984-469b-af3b-4c282e010677/pdf', '2025-10-15 09:14:11.400372', '2025-10-15 09:14:12.454046', NULL, true, '{"summary": "╪к┘В╪▒┘К╪▒ ╪╣┘Ж ╪│┘Д┘И┘Г ╪╣╪п┘И╪з┘Ж┘К ┘Д╪╖╪з┘Д╪и ╪п╪з╪о┘Д ╪з┘Д┘В╪│┘Е", "urgency": {"level": "╪н╪▒╪м ╪м╪п╪з", "score": 10, "source": "dictionary_override", "levelFr": "urgence maximale", "ai_score": 5, "reasoning": "тЪая╕П Intervention imm├йdiate requise", "dictionary_match": true}, "entities": {"dates": ["14 ╪г┘Г╪к┘И╪и╪▒ 2025"], "persons": ["╪│╪з┘Е┘К"], "locations": [], "organizations": []}, "keywords": ["┘Е╪з╪к", "╪к┘З╪п┘К╪п", "╪о┘Д╪з┘Б ╪и╪│┘К╪╖", "╪│┘Д┘И┘Г ╪╣╪п┘И╪з┘Ж┘К", "╪к┘З╪п┘К╪п ┘Д┘Б╪╕┘К", "╪о┘Д╪з┘Б", "╪г╪│╪к╪з╪░", "╪е╪п╪з╪▒╪й", "┘Е╪│╪к╪┤╪з╪▒ ╪з┘Д╪к┘И╪м┘К┘З ╪з┘Д┘Е╪п╪▒╪│┘К"], "metadata": {"model": "llama-3.3-70b-versatile", "provider": "groq", "analyzed_at": "2025-10-15T08:14:12.450Z", "content_length": 278, "hybrid_analysis": true, "dictionary_version": "1.0"}, "severity": {"level": "╪н╪▒╪м╪й ┘Д┘Д╪║╪з┘К╪й", "score": 10, "source": "dictionary_override", "levelFr": "critique absolu", "ai_score": 5, "reasoning": "ЁЯЪи D├йtection automatique: ┘Е╪з╪к, ╪к┘З╪п┘К╪п, ╪о┘Д╪з┘Б ╪и╪│┘К╪╖", "dictionary_match": true}, "sentiment": {"label": "╪│┘Д╪и┘К", "score": 0.2}, "categories": ["╪│┘Д┘И┘Г ╪з┘Д╪╖┘Д╪з╪и", "┘Е╪┤╪з┘Г┘Д ╪п╪з╪о┘Д ╪з┘Д┘В╪│┘Е"], "analysis_method": {"ai_provider": "groq", "fusion_strategy": "dictionary_override", "dictionary_detected": "critical", "dictionary_keywords_count": 3}}', NULL);
INSERT INTO public.employee_reports VALUES ('645e9c59-4a6b-422c-aa8e-8b4bec02373b', '2ab3b987-fc12-4e33-bbfa-5fa1a17dbb13', '╪к┘В╪▒┘К╪▒ ╪н┘И┘Д ╪│┘И╪б ╪к┘Ж╪╕┘К┘Е ┘И╪л╪з╪ж┘В', '╪к╪г╪о╪▒ ┘Б┘К ╪к╪│┘Д┘К┘Е ╪з┘Д╪к┘В╪з╪▒┘К╪▒ ╪з┘Д╪┤┘З╪▒┘К╪й', '╪к╪г╪о╪▒╪к ┘Е╪╡┘Д╪н╪й ╪з┘Д╪н┘К╪з╪й ╪з┘Д┘Е╪п╪▒╪│┘К╪й ┘Б┘К ╪к╪│┘Д┘К┘Е ╪к┘В╪з╪▒┘К╪▒ ╪з┘Д╪║┘К╪з╪и ╪з┘Д╪г╪│╪и┘И╪╣┘К╪й.
╪к┘Е╪к ┘Е╪╖╪з┘Д╪и╪й ╪з┘Д┘Б╪▒┘К┘В ╪и╪е╪╣╪з╪п╪й ╪к┘Ж╪╕┘К┘Е ╪з┘Д╪м╪п╪з┘И┘Д ╪з┘Д╪▓┘Е┘Ж┘К╪й ┘И╪к┘И╪▓┘К╪╣ ╪з┘Д┘Е┘З╪з┘Е.

┘Е╪╣ ┘Б╪з╪ж┘В ╪з┘Д╪з╪н╪к╪▒╪з┘Е,', NULL, 'pending', 'Destinataire: Directeur G├йn├йral', 'http://localhost:3004/api/rapportemp/645e9c59-4a6b-422c-aa8e-8b4bec02373b/pdf', '2025-10-15 09:18:02.241877', '2025-10-15 09:18:03.334269', NULL, true, '{"summary": "╪к╪г╪о╪▒ ┘Б┘К ╪к╪│┘Д┘К┘Е ╪к┘В╪з╪▒┘К╪▒ ╪з┘Д╪║┘К╪з╪и ╪з┘Д╪г╪│╪и┘И╪╣┘К╪й", "urgency": {"level": "┘Е╪к┘И╪│╪╖", "score": 5, "source": "weighted_hybrid", "levelFr": "moyen", "reasoning": "Le rapport demande une r├йorganisation des t├вches et des d├йlais, ce qui indique une certaine urgence pour r├йsoudre le probl├иme.", "dictionary_match": true}, "entities": {"dates": [], "persons": [], "locations": [], "organizations": ["┘Е╪╡┘Д╪н╪й ╪з┘Д╪н┘К╪з╪й ╪з┘Д┘Е╪п╪▒╪│┘К╪й"]}, "keywords": ["╪│┘И╪б ╪к┘Ж╪╕┘К┘Е", "╪к╪г╪о╪▒", "╪к╪│┘Д┘К┘Е", "╪к┘В╪з╪▒┘К╪▒", "╪з┘Д╪║┘К╪з╪и", "╪з┘Д╪г╪│╪и┘И╪╣┘К╪й", "╪е╪╣╪з╪п╪й", "╪к┘Ж╪╕┘К┘Е", "╪з┘Д╪м╪п╪з┘И┘Д", "╪з┘Д╪▓┘Е┘Ж┘К╪й", "╪к┘И╪▓┘К╪╣", "╪з┘Д┘Е┘З╪з┘Е"], "metadata": {"model": "llama-3.3-70b-versatile", "provider": "groq", "analyzed_at": "2025-10-15T08:18:03.331Z", "content_length": 142, "hybrid_analysis": true, "dictionary_version": "1.0"}, "severity": {"level": "┘Е╪к┘И╪│╪╖╪й", "score": 5, "source": "weighted_hybrid", "levelFr": "moyen", "ai_score": 5, "reasoning": "Le rapport mentionne un probl├иme de retard dans la remise de rapports, ce qui peut avoir des cons├йquences sur la gestion de l''├йcole.", "dictionary_match": true, "dictionary_score": 5}, "sentiment": {"label": "╪│┘Д╪и┘К", "score": 0.4}, "categories": ["╪е╪п╪з╪▒╪й", "┘Е╪п╪▒╪│╪й", "╪к┘В╪з╪▒┘К╪▒"], "analysis_method": {"ai_provider": "groq", "fusion_strategy": "weighted_hybrid", "dictionary_detected": "medium", "dictionary_keywords_count": 1}}', NULL);
INSERT INTO public.employee_reports VALUES ('88f9ff84-7987-408b-87d5-dd3570cee96c', '2ab3b987-fc12-4e33-bbfa-5fa1a17dbb13', '╪к┘В╪▒┘К╪▒ ╪н┘И┘Д ╪е┘З┘Е╪з┘Д ╪г╪│╪к╪з╪░ ┘Б┘К ╪з┘Д╪к╪н╪╢┘К╪▒', '╪╣╪п┘Е ╪к╪н╪╢┘К╪▒ ╪з┘Д╪п╪▒┘И╪│ ┘Б┘К ╪з┘Д┘И┘В╪к ╪з┘Д┘Е╪н╪п╪п', '┘Д┘И╪н╪╕ ╪╣┘Д┘Й ╪з┘Д╪г╪│╪к╪з╪░ ╪м┘Е╪з┘Д.╪╣ ╪к╪г╪о╪▒ ┘Б┘К ╪к╪н╪╢┘К╪▒ ╪п╪▒┘И╪│ ╪з┘Д╪г╪│╪и┘И╪╣ ╪з┘Д╪л╪з┘Д╪л.
╪к┘Е ╪к╪░┘Г┘К╪▒┘З ┘Г╪к╪з╪и┘К┘Л╪з ╪и╪╢╪▒┘И╪▒╪й ╪з┘Д╪з┘Д╪к╪▓╪з┘Е ╪и╪о╪╖╪й ╪з┘Д╪╣┘Е┘Д ╪з┘Д╪г╪│╪и┘И╪╣┘К╪й.

┘Е╪╣ ┘Б╪з╪ж┘В ╪з┘Д╪з╪н╪к╪▒╪з┘Е,', NULL, 'pending', 'Destinataire: Directeur G├йn├йral', 'http://localhost:3004/api/rapportemp/88f9ff84-7987-408b-87d5-dd3570cee96c/pdf', '2025-10-15 09:18:42.088966', '2025-10-15 09:18:43.17856', NULL, true, '{"summary": "╪к┘В╪▒┘К╪▒ ╪╣┘Ж ╪е┘З┘Е╪з┘Д ╪г╪│╪к╪з╪░ ┘Б┘К ╪з┘Д╪к╪н╪╢┘К╪▒", "urgency": {"level": "┘Е╪к┘И╪│╪╖", "score": 6, "source": "weighted_hybrid", "levelFr": "├йlev├й", "reasoning": "Le rapport indique que le professeur a ├йt├й rappel├й ├а l''ordre, ce qui sugg├иre que la situation est prise en charge, mais qu''il est important de suivre la situation pour ├йviter que le probl├иme ne se reproduise.", "dictionary_match": true}, "entities": {"dates": [], "persons": ["╪м┘Е╪з┘Д"], "locations": [], "organizations": []}, "keywords": ["╪╣╪п┘Е ╪к╪н╪╢┘К╪▒ ╪з┘Д╪п╪▒┘И╪│", "╪к┘В╪▒┘К╪▒", "╪е┘З┘Е╪з┘Д", "╪г╪│╪к╪з╪░", "╪к╪н╪╢┘К╪▒", "╪п╪▒┘И╪│", "╪г╪│╪и┘И╪╣", "╪к╪░┘Г┘К╪▒", "╪о╪╖╪╖", "╪╣┘Е┘Д"], "metadata": {"model": "llama-3.3-70b-versatile", "provider": "groq", "analyzed_at": "2025-10-15T08:18:43.175Z", "content_length": 133, "hybrid_analysis": true, "dictionary_version": "1.0"}, "severity": {"level": "┘Е╪к┘И╪│╪╖╪й", "score": 6, "source": "weighted_hybrid", "levelFr": "├йlev├й", "ai_score": 5, "reasoning": "Le rapport mentionne un probl├иme d''absence de pr├йparation de la part d''un professeur, ce qui peut avoir un impact sur la qualit├й de l''enseignement.", "dictionary_match": true, "dictionary_score": 7}, "sentiment": {"label": "╪│┘Д╪и┘К", "score": 0.4}, "categories": ["╪к┘В╪▒┘К╪▒ ╪е╪п╪з╪▒┘К", "╪к╪╣┘Д┘К┘Е", "╪е╪п╪з╪▒╪й ╪з┘Д┘Е┘И╪з╪▒╪п ╪з┘Д╪и╪┤╪▒┘К╪й"], "analysis_method": {"ai_provider": "groq", "fusion_strategy": "weighted_hybrid", "dictionary_detected": "high", "dictionary_keywords_count": 1}}', NULL);
INSERT INTO public.employee_reports VALUES ('601dfeb0-03a1-4acb-b041-f93b4c888f4d', '2ab3b987-fc12-4e33-bbfa-5fa1a17dbb13', '╪к┘В╪▒┘К╪▒ ╪н┘И┘Д ╪к╪н╪▒╪┤ ┘Д┘Б╪╕┘К ╪и╪г╪│╪к╪з╪░╪й', '╪к┘Д┘Е┘К╪░ ┘К┘И╪м┘З ╪╣╪и╪з╪▒╪з╪к ┘Е╪│┘К╪ж╪й ┘Д╪г╪│╪к╪з╪░╪й', '┘В╪з┘Е ╪з┘Д╪к┘Д┘Е┘К╪░ ╪е┘Д┘К╪з╪│.╪и ╪и╪к┘И╪м┘К┘З ┘Г┘Д╪з┘Е ╪║┘К╪▒ ┘Е╪н╪к╪▒┘Е ┘Д╪г╪│╪к╪з╪░╪й ╪з┘Д╪▒┘К╪з╪╢┘К╪з╪к ╪г┘Е╪з┘Е ╪▓┘Е┘Д╪з╪ж┘З.
╪к┘Е ╪▒┘Б╪╣ ╪к┘В╪▒┘К╪▒ ┘Б┘И╪▒┘К ┘Д┘Д╪е╪п╪з╪▒╪й ┘Д╪з╪к╪о╪з╪░ ╪з┘Д╪е╪м╪▒╪з╪б╪з╪к ╪з┘Д╪к╪г╪п┘К╪и┘К╪й ╪з┘Д┘Д╪з╪▓┘Е╪й.

┘Е╪╣ ┘Б╪з╪ж┘В ╪з┘Д╪з╪н╪к╪▒╪з┘Е,', NULL, 'pending', 'Destinataire: Directeur G├йn├йral', 'http://localhost:3004/api/rapportemp/601dfeb0-03a1-4acb-b041-f93b4c888f4d/pdf', '2025-10-15 09:20:08.531886', '2025-10-15 09:20:10.65275', NULL, true, '{"summary": "╪к┘Д┘Е┘К╪░ ┘К┘И╪м┘З ╪╣╪и╪з╪▒╪з╪к ┘Е╪│┘К╪ж╪й ┘Д╪г╪│╪к╪з╪░╪й ╪з┘Д╪▒┘К╪з╪╢┘К╪з╪к", "urgency": {"level": "┘Е╪к┘И╪│╪╖", "score": 6, "source": "weighted_hybrid", "levelFr": "├йlev├й", "reasoning": "Le rapport a ├йt├й soumis imm├йdiatement ├а l''administration, indiquant une n├йcessit├й d''action rapide mais pas extr├кmement urgente.", "dictionary_match": true}, "entities": {"dates": [], "persons": ["╪е┘Д┘К╪з╪│"], "locations": [], "organizations": []}, "keywords": ["╪к╪н╪▒╪┤", "╪к╪н╪▒╪┤ ┘Д┘Б╪╕┘К", "╪г╪│╪к╪з╪░╪й", "╪к┘Д┘Е┘К╪░", "╪е╪п╪з╪▒╪й", "╪е╪м╪▒╪з╪б╪з╪к ╪к╪г╪п┘К╪и┘К╪й", "╪▒┘К╪з╪╢┘К╪з╪к"], "metadata": {"model": "llama-3.3-70b-versatile", "provider": "groq", "analyzed_at": "2025-10-15T08:20:10.645Z", "content_length": 153, "hybrid_analysis": true, "dictionary_version": "1.0"}, "severity": {"level": "┘Е╪к┘И╪│╪╖╪й", "score": 6, "source": "weighted_hybrid", "levelFr": "├йlev├й", "ai_score": 5, "reasoning": "Le rapport mentionne un incident de harc├иlement verbal envers une enseignante, ce qui est un probl├иme s├йrieux mais pas extr├кmement grave.", "dictionary_match": true, "dictionary_score": 7}, "sentiment": {"label": "╪│┘Д╪и┘К", "score": 0.2}, "categories": ["╪к╪н╪▒╪┤", "╪│┘Д┘И┘Г ╪║┘К╪▒ ┘Д╪з╪ж┘В", "╪е╪м╪▒╪з╪б╪з╪к ╪к╪г╪п┘К╪и┘К╪й"], "analysis_method": {"ai_provider": "groq", "fusion_strategy": "weighted_hybrid", "dictionary_detected": "high", "dictionary_keywords_count": 1}}', NULL);
INSERT INTO public.employee_reports VALUES ('ac11b6c4-33c4-4575-9340-cba8934c7632', '2ab3b987-fc12-4e33-bbfa-5fa1a17dbb13', '╪к┘В╪▒┘К╪▒ ╪н┘И┘Д ┘Е╪н╪з┘И┘Д╪й ╪к╪о╪▒┘К╪и ┘Е┘Е╪к┘Д┘Г╪з╪к', '┘Г╪│╪▒ ╪▓╪м╪з╪м ┘Ж╪з┘Б╪░╪й ╪╣┘Е╪п╪з┘Л', '╪к┘Е ╪╢╪и╪╖ ┘Е╪м┘Е┘И╪╣╪й ┘Е┘Ж ╪з┘Д╪к┘Д╪з┘Е┘К╪░ ┘Б┘К ┘Е╪н╪з┘И┘Д╪й ┘Д╪к╪о╪▒┘К╪и ╪▓╪м╪з╪м ┘Ж╪з┘Б╪░╪й ╪з┘Д┘В╪│┘Е.
╪к┘Е ╪з╪│╪к╪п╪╣╪з╪д┘З┘Е ┘Д┘Д╪з╪│╪к╪м┘И╪з╪и ╪и╪н╪╢┘И╪▒ ╪г┘И┘Д┘К╪з╪б ╪г┘Е┘И╪▒┘З┘Е╪М ┘И╪│╪к╪к┘Е ┘Е╪н╪з╪│╪и╪к┘З┘Е ┘И┘Б┘В ╪з┘Д┘Ж╪╕╪з┘Е ╪з┘Д╪п╪з╪о┘Д┘К.

┘Е╪╣ ┘Б╪з╪ж┘В ╪з┘Д╪з╪н╪к╪▒╪з┘Е,', NULL, 'pending', 'Destinataire: Directeur G├йn├йral', 'http://localhost:3004/api/rapportemp/ac11b6c4-33c4-4575-9340-cba8934c7632/pdf', '2025-10-15 09:20:46.019749', '2025-10-15 09:20:46.895228', NULL, true, '{"summary": "╪к┘Е ╪╢╪и╪╖ ┘Е╪м┘Е┘И╪╣╪й ┘Е┘Ж ╪з┘Д╪к┘Д╪з┘Е┘К╪░ ┘Б┘К ┘Е╪н╪з┘И┘Д╪й ┘Д╪к╪о╪▒┘К╪и ╪▓╪м╪з╪м ┘Ж╪з┘Б╪░╪й ╪з┘Д┘В╪│┘Е.", "urgency": {"level": "┘Е╪к┘И╪│╪╖", "score": 9, "source": "hybrid", "levelFr": "tr├иs urgent", "reasoning": "Le rapport n├йcessite une attention moyenne car il s''agit d''un incident qui doit ├кtre trait├й mais qui n''est pas urgent.", "dictionary_match": true}, "entities": {"dates": [], "persons": [], "locations": [], "organizations": []}, "keywords": ["┘Г╪│╪▒", "╪к╪о╪▒┘К╪и", "╪▓╪м╪з╪м", "┘Ж╪з┘Б╪░╪й", "┘В╪│┘Е", "╪к┘Д╪з┘Е┘К╪░", "╪з╪│╪к╪м┘И╪з╪и", "┘Ж╪╕╪з┘Е", "╪п╪з╪о┘Д┘К"], "metadata": {"model": "llama-3.3-70b-versatile", "provider": "groq", "analyzed_at": "2025-10-15T08:20:46.891Z", "content_length": 158, "hybrid_analysis": true, "dictionary_version": "1.0"}, "severity": {"level": "╪╣╪з┘Д┘К ╪м╪п╪з", "score": 9, "source": "dictionary_priority", "levelFr": "tr├иs urgent", "ai_score": 5, "reasoning": "Le rapport mentionne une tentative de vandalisme, ce qui est un acte grave mais pas critique.", "dictionary_match": true, "dictionary_score": 9}, "sentiment": {"label": "╪│┘Д╪и┘К", "score": 0.2}, "categories": ["╪к╪о╪▒┘К╪и", "┘Е┘Е╪к┘Д┘Г╪з╪к", "┘В╪│┘Е"], "analysis_method": {"ai_provider": "groq", "fusion_strategy": "dictionary_priority", "dictionary_detected": "veryHigh", "dictionary_keywords_count": 1}}', NULL);
INSERT INTO public.employee_reports VALUES ('8182fbe6-9fc4-47a7-af5d-68fab67b80f5', '2ab3b987-fc12-4e33-bbfa-5fa1a17dbb13', '╪к┘В╪▒┘К╪▒ ╪н┘И┘Д ╪н╪з┘Д╪й ┘В┘Д┘В ┘Д╪╖╪з┘Д╪и', '┘В┘Д┘В ┘И╪з╪╢╪н ┘И╪к╪▒╪з╪м╪╣ ╪п╪▒╪з╪│┘К ┘Е┘Б╪з╪м╪ж', '┘Д┘И╪н╪╕ ╪╣┘Д┘Й ╪з┘Д╪к┘Д┘Е┘К╪░╪й ┘З╪и╪й.┘Е ╪╣┘Д╪з┘Е╪з╪к ┘В┘Д┘В ┘И╪к╪┤╪к╪к ┘Б┘К ╪з┘Д╪з┘Ж╪к╪и╪з┘З ╪о┘Д╪з┘Д ╪з┘Д╪п╪▒┘И╪│.
╪к┘Е ╪к╪н┘И┘К┘Д┘З╪з ╪е┘Д┘Й ╪з┘Д┘Е╪│╪к╪┤╪з╪▒╪й ╪з┘Д┘Ж┘Б╪│┘К╪й ┘Д┘Е╪к╪з╪и╪╣╪й ┘И╪╢╪╣┘З╪з ╪з┘Д╪╣╪з╪╖┘Б┘К ┘И╪з┘Д╪п╪▒╪з╪│┘К.

┘Е╪╣ ┘Б╪з╪ж┘В ╪з┘Д╪з╪н╪к╪▒╪з┘Е,', NULL, 'acknowledged', 'Destinataire: Directeur G├йn├йral', 'http://localhost:3004/api/rapportemp/8182fbe6-9fc4-47a7-af5d-68fab67b80f5/pdf', '2025-10-15 09:19:23.593906', '2025-10-15 09:24:16.935291', NULL, true, '{"summary": "╪к┘В╪▒┘К╪▒ ╪╣┘Ж ╪н╪з┘Д╪й ┘В┘Д┘В ┘Д╪╖╪з┘Д╪и╪М ╪к┘Е ╪к╪н┘И┘К┘Д┘З╪з ╪е┘Д┘Й ╪з┘Д┘Е╪│╪к╪┤╪з╪▒╪й ╪з┘Д┘Ж┘Б╪│┘К╪й", "urgency": {"level": "╪н╪▒╪м ╪м╪п╪з", "score": 10, "source": "dictionary_override", "levelFr": "urgence maximale", "ai_score": 5, "reasoning": "тЪая╕П Intervention imm├йdiate requise", "dictionary_match": true}, "entities": {"dates": [], "persons": ["┘З╪и╪й.┘Е"], "locations": [], "organizations": []}, "keywords": ["┘Е╪з╪к", "┘В┘Д┘В", "╪к╪▒╪з╪м╪╣ ╪п╪▒╪з╪│┘К", "┘Е╪│╪к╪┤╪з╪▒╪й ┘Ж┘Б╪│┘К╪й", "╪к┘Д┘Е┘К╪░╪й", "╪п╪▒╪з╪│┘К", "╪з┘Ж╪к╪и╪з┘З", "╪п╪▒┘И╪│"], "metadata": {"model": "llama-3.3-70b-versatile", "provider": "groq", "analyzed_at": "2025-10-15T08:19:24.705Z", "content_length": 149, "hybrid_analysis": true, "dictionary_version": "1.0"}, "severity": {"level": "╪н╪▒╪м╪й ┘Д┘Д╪║╪з┘К╪й", "score": 10, "source": "dictionary_override", "levelFr": "critique absolu", "ai_score": 5, "reasoning": "ЁЯЪи D├йtection automatique: ┘Е╪з╪к", "dictionary_match": true}, "sentiment": {"label": "╪│┘Д╪и┘К", "score": 0.4}, "categories": ["rapport scolaire", "sant├й mentale"], "analysis_method": {"ai_provider": "groq", "fusion_strategy": "dictionary_override", "dictionary_detected": "critical", "dictionary_keywords_count": 1}}', NULL);


--
-- Data for Name: instructions; Type: TABLE DATA; Schema: public; Owner: postgres
--

INSERT INTO public.instructions VALUES ('d4b52143-e255-4647-86f1-7e2bee5630fb', 'hhhhhhh', 'normal', '2025-09-23 00:00:00+01', 'active', NULL, '8335ce70-8d9f-47f7-b2a3-c8fd18cd0ecf', '2025-09-22 11:11:19.611671+01', '2025-09-22 11:11:19.611671+01');
INSERT INTO public.instructions VALUES ('3eac244c-b1c3-4351-85f6-2afa6ab83b40', 'hhhhhooo', 'normal', '2025-09-23 00:00:00+01', 'active', NULL, '8335ce70-8d9f-47f7-b2a3-c8fd18cd0ecf', '2025-09-22 11:18:03.813467+01', '2025-09-22 11:18:03.813467+01');
INSERT INTO public.instructions VALUES ('17fb702d-47c9-4249-83e8-80fc291cbc72', 'nnnnnnnnnnn', 'normal', '2025-09-23 00:00:00+01', 'active', NULL, '8335ce70-8d9f-47f7-b2a3-c8fd18cd0ecf', '2025-09-22 11:25:12.370073+01', '2025-09-22 11:25:12.370073+01');
INSERT INTO public.instructions VALUES ('0b9db1fe-be87-4d36-8dc2-23493bf151a5', 'tu la vois ?', 'normal', '2025-09-23 00:00:00+01', 'active', NULL, '8335ce70-8d9f-47f7-b2a3-c8fd18cd0ecf', '2025-09-22 11:25:54.840042+01', '2025-09-22 11:25:54.840042+01');
INSERT INTO public.instructions VALUES ('8176a98d-caf9-4efb-baa7-5ec9bccdf903', 'mpmpmp', 'normal', '2025-09-23 00:00:00+01', 'active', NULL, '8335ce70-8d9f-47f7-b2a3-c8fd18cd0ecf', '2025-09-22 11:38:28.363438+01', '2025-09-22 11:38:28.363438+01');
INSERT INTO public.instructions VALUES ('3fc7a6f4-36a9-4c5f-b45b-cc05d3eba20a', 'ppoooo', 'normal', '2025-09-23 00:00:00+01', 'active', NULL, '8335ce70-8d9f-47f7-b2a3-c8fd18cd0ecf', '2025-09-22 11:39:10.363805+01', '2025-09-22 11:39:10.363805+01');
INSERT INTO public.instructions VALUES ('5e9d8a71-756b-4c9b-a017-04006a37318e', 'xxxx', 'normal', '2025-09-23 00:00:00+01', 'active', NULL, '8335ce70-8d9f-47f7-b2a3-c8fd18cd0ecf', '2025-09-22 11:43:26.277798+01', '2025-09-22 11:43:26.277798+01');
INSERT INTO public.instructions VALUES ('65832315-ad07-4770-8c68-98fab36c379a', 'jhjhjhjh', 'normal', '2025-09-23 00:00:00+01', 'active', NULL, '8335ce70-8d9f-47f7-b2a3-c8fd18cd0ecf', '2025-09-22 14:00:15.005412+01', '2025-09-22 14:00:15.005412+01');
INSERT INTO public.instructions VALUES ('0ddeb2fc-fabb-4ba7-8652-75aaaba3abb3', 'cccc', 'normal', '2025-09-23 00:00:00+01', 'active', NULL, '8335ce70-8d9f-47f7-b2a3-c8fd18cd0ecf', '2025-09-22 14:07:51.805786+01', '2025-09-22 14:07:51.805786+01');
INSERT INTO public.instructions VALUES ('525842ce-7d4e-4088-94e3-737b55b8a273', 'xcxcxcx', 'normal', '2025-09-23 00:00:00+01', 'active', NULL, '8335ce70-8d9f-47f7-b2a3-c8fd18cd0ecf', '2025-09-22 14:21:50.471945+01', '2025-09-22 14:21:50.471945+01');
INSERT INTO public.instructions VALUES ('3f208791-eeb7-4dae-bda0-6cceace828c8', 'voila mtn', 'normal', '2025-09-23 00:00:00+01', 'active', NULL, '8335ce70-8d9f-47f7-b2a3-c8fd18cd0ecf', '2025-09-22 16:02:18.724468+01', '2025-09-22 16:02:18.724468+01');
INSERT INTO public.instructions VALUES ('c489e131-b220-4866-bcb7-8b5b19416016', 'voila mtn', 'normal', '2025-09-23 00:00:00+01', 'active', NULL, '8335ce70-8d9f-47f7-b2a3-c8fd18cd0ecf', '2025-09-22 16:02:36.225821+01', '2025-09-22 16:02:36.225821+01');
INSERT INTO public.instructions VALUES ('9156f706-4474-4749-b209-7df58a6097a3', 'ooooooooo', 'normal', '2025-09-24 00:00:00+01', 'active', NULL, '8335ce70-8d9f-47f7-b2a3-c8fd18cd0ecf', '2025-09-23 08:44:05.717517+01', '2025-09-23 08:44:05.717517+01');
INSERT INTO public.instructions VALUES ('44c9affe-e57a-4e18-97ed-85abc2703ab8', 'cv', 'normal', '2025-09-24 00:00:00+01', 'active', NULL, '8335ce70-8d9f-47f7-b2a3-c8fd18cd0ecf', '2025-09-23 08:50:03.016718+01', '2025-09-23 08:50:03.016718+01');
INSERT INTO public.instructions VALUES ('bf9dc2b9-1135-4d68-a4df-b2acf9830cc6', 'cvvvv', 'normal', '2025-09-24 00:00:00+01', 'active', NULL, '8335ce70-8d9f-47f7-b2a3-c8fd18cd0ecf', '2025-09-23 09:29:22.037577+01', '2025-09-23 09:29:22.037577+01');
INSERT INTO public.instructions VALUES ('f521ea53-6518-4e62-90e3-c271a6b09692', 'bonjour karim', 'normal', '2025-09-24 00:00:00+01', 'active', NULL, '8335ce70-8d9f-47f7-b2a3-c8fd18cd0ecf', '2025-09-23 09:30:37.869706+01', '2025-09-23 09:30:37.869706+01');
INSERT INTO public.instructions VALUES ('7110e22e-35bd-46e9-85b7-1015956eba79', 'mtn c ok cbn', 'normal', '2025-09-24 00:00:00+01', 'active', NULL, '8335ce70-8d9f-47f7-b2a3-c8fd18cd0ecf', '2025-09-23 09:39:23.463085+01', '2025-09-23 09:39:23.463085+01');
INSERT INTO public.instructions VALUES ('b9c8427f-7458-42a0-9ee6-d1893beef831', 'lina cv cvc vc vc', 'normal', '2025-09-24 00:00:00+01', 'active', NULL, '8335ce70-8d9f-47f7-b2a3-c8fd18cd0ecf', '2025-09-23 09:44:03.198941+01', '2025-09-23 09:44:03.198941+01');
INSERT INTO public.instructions VALUES ('c1a7fd82-6fac-4246-9add-5861ad3d40c7', 'lina cv cvc vc vc', 'normal', '2025-09-24 00:00:00+01', 'active', NULL, '8335ce70-8d9f-47f7-b2a3-c8fd18cd0ecf', '2025-09-23 09:49:21.558867+01', '2025-09-23 09:49:21.558867+01');
INSERT INTO public.instructions VALUES ('60a82ee8-93d2-4c26-8c6a-8e480b6575a8', 'inchaaalaaaaaah', 'normal', '2025-09-24 00:00:00+01', 'active', NULL, '8335ce70-8d9f-47f7-b2a3-c8fd18cd0ecf', '2025-09-23 09:51:59.414476+01', '2025-09-23 09:51:59.414476+01');
INSERT INTO public.instructions VALUES ('c5a17a0e-556c-4e22-992e-4463ec9fb196', 'QSQ T EN PENSE', 'normal', '2025-09-24 00:00:00+01', 'active', NULL, '8335ce70-8d9f-47f7-b2a3-c8fd18cd0ecf', '2025-09-23 09:59:56.95824+01', '2025-09-23 09:59:56.95824+01');
INSERT INTO public.instructions VALUES ('8cbb55e4-f506-43ee-9a55-e44504c29fe1', 'ggggggggggrrr', 'normal', '2025-09-24 00:00:00+01', 'active', NULL, '8335ce70-8d9f-47f7-b2a3-c8fd18cd0ecf', '2025-09-23 10:41:12.632023+01', '2025-09-23 10:41:12.632023+01');
INSERT INTO public.instructions VALUES ('21d58e77-b7c5-4539-a1b4-fd87f89e26dc', 'SOYEZ PRUDENT DANS PERIODE DE TRANSPORT', 'normal', '2025-09-25 00:00:00+01', 'active', NULL, '8335ce70-8d9f-47f7-b2a3-c8fd18cd0ecf', '2025-09-24 08:41:18.491761+01', '2025-09-24 08:41:18.491761+01');
INSERT INTO public.instructions VALUES ('7d2a7cdc-d6a4-47b5-964a-10e786a393f3', 'vvvvvvvvvvvv', 'normal', '2025-09-25 00:00:00+01', 'active', NULL, '8335ce70-8d9f-47f7-b2a3-c8fd18cd0ecf', '2025-09-24 11:03:15.993472+01', '2025-09-24 11:03:15.993472+01');
INSERT INTO public.instructions VALUES ('cc5b5cab-0aaf-455b-bccf-0c4e6ab757d9', 'LOOLOLO', 'normal', '2025-09-25 00:00:00+01', 'active', NULL, '8335ce70-8d9f-47f7-b2a3-c8fd18cd0ecf', '2025-09-24 11:04:03.605376+01', '2025-09-24 11:04:03.605376+01');


--
-- Data for Name: instruction_recipients; Type: TABLE DATA; Schema: public; Owner: postgres
--

INSERT INTO public.instruction_recipients VALUES ('d4b52143-e255-4647-86f1-7e2bee5630fb', '49459fe7-4d26-4199-a022-7cb8d906f20f', '2025-09-22 11:11:19.611671+01', false, NULL, false, NULL);
INSERT INTO public.instruction_recipients VALUES ('3eac244c-b1c3-4351-85f6-2afa6ab83b40', '49459fe7-4d26-4199-a022-7cb8d906f20f', '2025-09-22 11:18:03.813467+01', false, NULL, false, NULL);
INSERT INTO public.instruction_recipients VALUES ('17fb702d-47c9-4249-83e8-80fc291cbc72', '49459fe7-4d26-4199-a022-7cb8d906f20f', '2025-09-22 11:25:12.370073+01', false, NULL, false, NULL);
INSERT INTO public.instruction_recipients VALUES ('0b9db1fe-be87-4d36-8dc2-23493bf151a5', '49459fe7-4d26-4199-a022-7cb8d906f20f', '2025-09-22 11:25:54.840042+01', false, NULL, false, NULL);
INSERT INTO public.instruction_recipients VALUES ('8176a98d-caf9-4efb-baa7-5ec9bccdf903', '49459fe7-4d26-4199-a022-7cb8d906f20f', '2025-09-22 11:38:28.363438+01', false, NULL, false, NULL);
INSERT INTO public.instruction_recipients VALUES ('3fc7a6f4-36a9-4c5f-b45b-cc05d3eba20a', '49459fe7-4d26-4199-a022-7cb8d906f20f', '2025-09-22 11:39:10.363805+01', false, NULL, false, NULL);
INSERT INTO public.instruction_recipients VALUES ('5e9d8a71-756b-4c9b-a017-04006a37318e', '49459fe7-4d26-4199-a022-7cb8d906f20f', '2025-09-22 11:43:26.277798+01', false, NULL, false, NULL);
INSERT INTO public.instruction_recipients VALUES ('65832315-ad07-4770-8c68-98fab36c379a', '49459fe7-4d26-4199-a022-7cb8d906f20f', '2025-09-22 14:00:15.005412+01', false, NULL, false, NULL);
INSERT INTO public.instruction_recipients VALUES ('0ddeb2fc-fabb-4ba7-8652-75aaaba3abb3', '49459fe7-4d26-4199-a022-7cb8d906f20f', '2025-09-22 14:07:51.805786+01', false, NULL, false, NULL);
INSERT INTO public.instruction_recipients VALUES ('525842ce-7d4e-4088-94e3-737b55b8a273', '49459fe7-4d26-4199-a022-7cb8d906f20f', '2025-09-22 14:21:50.471945+01', false, NULL, false, NULL);
INSERT INTO public.instruction_recipients VALUES ('3f208791-eeb7-4dae-bda0-6cceace828c8', '49459fe7-4d26-4199-a022-7cb8d906f20f', '2025-09-22 16:02:18.724468+01', false, NULL, false, NULL);
INSERT INTO public.instruction_recipients VALUES ('c489e131-b220-4866-bcb7-8b5b19416016', '49459fe7-4d26-4199-a022-7cb8d906f20f', '2025-09-22 16:02:36.225821+01', false, NULL, false, NULL);
INSERT INTO public.instruction_recipients VALUES ('9156f706-4474-4749-b209-7df58a6097a3', '49459fe7-4d26-4199-a022-7cb8d906f20f', '2025-09-23 08:44:05.717517+01', false, NULL, false, NULL);
INSERT INTO public.instruction_recipients VALUES ('44c9affe-e57a-4e18-97ed-85abc2703ab8', '49459fe7-4d26-4199-a022-7cb8d906f20f', '2025-09-23 08:50:03.016718+01', false, NULL, false, NULL);
INSERT INTO public.instruction_recipients VALUES ('bf9dc2b9-1135-4d68-a4df-b2acf9830cc6', '49459fe7-4d26-4199-a022-7cb8d906f20f', '2025-09-23 09:29:22.037577+01', false, NULL, false, NULL);
INSERT INTO public.instruction_recipients VALUES ('f521ea53-6518-4e62-90e3-c271a6b09692', '49459fe7-4d26-4199-a022-7cb8d906f20f', '2025-09-23 09:30:37.869706+01', false, NULL, false, NULL);
INSERT INTO public.instruction_recipients VALUES ('7110e22e-35bd-46e9-85b7-1015956eba79', '49459fe7-4d26-4199-a022-7cb8d906f20f', '2025-09-23 09:39:23.463085+01', false, NULL, false, NULL);
INSERT INTO public.instruction_recipients VALUES ('b9c8427f-7458-42a0-9ee6-d1893beef831', '49459fe7-4d26-4199-a022-7cb8d906f20f', '2025-09-23 09:44:03.198941+01', false, NULL, false, NULL);
INSERT INTO public.instruction_recipients VALUES ('c1a7fd82-6fac-4246-9add-5861ad3d40c7', '2ab3b987-fc12-4e33-bbfa-5fa1a17dbb13', '2025-09-23 09:49:21.558867+01', false, NULL, false, NULL);
INSERT INTO public.instruction_recipients VALUES ('c1a7fd82-6fac-4246-9add-5861ad3d40c7', '64285109-002c-4598-8afc-d2ac755ab026', '2025-09-23 09:49:21.558867+01', false, NULL, false, NULL);
INSERT INTO public.instruction_recipients VALUES ('c1a7fd82-6fac-4246-9add-5861ad3d40c7', '17eab49d-0e03-4c68-bfc4-69999f93c5f3', '2025-09-23 09:49:21.558867+01', false, NULL, false, NULL);
INSERT INTO public.instruction_recipients VALUES ('c1a7fd82-6fac-4246-9add-5861ad3d40c7', 'fa322927-92b0-49b9-ae44-da1cf8e485ec', '2025-09-23 09:49:21.558867+01', false, NULL, false, NULL);
INSERT INTO public.instruction_recipients VALUES ('60a82ee8-93d2-4c26-8c6a-8e480b6575a8', '49459fe7-4d26-4199-a022-7cb8d906f20f', '2025-09-23 09:51:59.414476+01', false, NULL, false, NULL);
INSERT INTO public.instruction_recipients VALUES ('c5a17a0e-556c-4e22-992e-4463ec9fb196', '49459fe7-4d26-4199-a022-7cb8d906f20f', '2025-09-23 09:59:56.95824+01', false, NULL, false, NULL);
INSERT INTO public.instruction_recipients VALUES ('8cbb55e4-f506-43ee-9a55-e44504c29fe1', '49459fe7-4d26-4199-a022-7cb8d906f20f', '2025-09-23 10:41:12.632023+01', false, NULL, false, NULL);
INSERT INTO public.instruction_recipients VALUES ('21d58e77-b7c5-4539-a1b4-fd87f89e26dc', '49459fe7-4d26-4199-a022-7cb8d906f20f', '2025-09-24 08:41:18.491761+01', false, NULL, false, NULL);
INSERT INTO public.instruction_recipients VALUES ('7d2a7cdc-d6a4-47b5-964a-10e786a393f3', '49459fe7-4d26-4199-a022-7cb8d906f20f', '2025-09-24 11:03:15.993472+01', false, NULL, false, NULL);
INSERT INTO public.instruction_recipients VALUES ('cc5b5cab-0aaf-455b-bccf-0c4e6ab757d9', '49459fe7-4d26-4199-a022-7cb8d906f20f', '2025-09-24 11:04:03.605376+01', false, NULL, false, NULL);


--
-- Data for Name: meetings; Type: TABLE DATA; Schema: public; Owner: postgres
--



--
-- Data for Name: meeting_attendees; Type: TABLE DATA; Schema: public; Owner: postgres
--



--
-- Data for Name: notifications; Type: TABLE DATA; Schema: public; Owner: postgres
--

INSERT INTO public.notifications VALUES ('4f026050-eea6-471b-bc03-a616e86d54a7', NULL, NULL, 'instruction_created', NULL, true, '2025-09-23 09:29:22.037577', '49459fe7-4d26-4199-a022-7cb8d906f20f', 'Nouvelle instruction', 'cvvvv', 'instruction', 'bf9dc2b9-1135-4d68-a4df-b2acf9830cc6');
INSERT INTO public.notifications VALUES ('381d1c01-ab9c-4bb5-9b7a-a9c9166fd249', NULL, NULL, 'task_created', NULL, false, '2025-09-18 20:00:32.789711', '64285109-002c-4598-8afc-d2ac755ab026', 'Nouvelle t├вche: Instruction: viens', 'Assign├йe par Jean Dupont', 'task', '9750fc58-241a-43ca-a798-68e818857466');
INSERT INTO public.notifications VALUES ('ba039124-b6f6-423d-8753-3d1395bc470a', NULL, NULL, 'task_created', NULL, false, '2025-09-18 20:00:32.870179', 'fa322927-92b0-49b9-ae44-da1cf8e485ec', 'Nouvelle t├вche: Instruction: viens', 'Assign├йe par Jean Dupont', 'task', '9750fc58-241a-43ca-a798-68e818857466');
INSERT INTO public.notifications VALUES ('ad260d8f-5714-4358-85b3-d9349b49610e', NULL, NULL, 'task_created', NULL, false, '2025-09-18 20:07:41.317425', '64285109-002c-4598-8afc-d2ac755ab026', 'Nouvelle t├вche: Instruction: vvvv', 'Assign├йe par Jean Dupont', 'task', '6083e890-f258-4a41-bac5-b1e316ab6c91');
INSERT INTO public.notifications VALUES ('dab6fc74-d983-419e-82e2-4eef1e96358f', NULL, NULL, 'task_created', NULL, false, '2025-09-18 20:07:41.420679', 'fa322927-92b0-49b9-ae44-da1cf8e485ec', 'Nouvelle t├вche: Instruction: vvvv', 'Assign├йe par Jean Dupont', 'task', '6083e890-f258-4a41-bac5-b1e316ab6c91');
INSERT INTO public.notifications VALUES ('2c5b6e96-05f9-4930-8ad5-da3d8f2241e0', NULL, NULL, 'assignment_completed', NULL, true, '2025-09-21 08:32:56.141162', '49459fe7-4d26-4199-a022-7cb8d906f20f', 'Un assign├й a termin├й: cfcfcf', 'Employ├й 2ab3b987-fc12-4e33-bbfa-5fa1a17dbb13 a marqu├й la t├вche comme compl├йt├йe', 'task', 'e807e9f6-bd04-4c2b-bd02-0d13e534d562');
INSERT INTO public.notifications VALUES ('6248d749-05c7-4812-b140-3776737fb001', NULL, NULL, 'assignment_completed', NULL, true, '2025-09-21 08:32:16.646759', '8335ce70-8d9f-47f7-b2a3-c8fd18cd0ecf', 'Un assign├й a termin├й: bonne nuit merci', 'Employ├й 49459fe7-4d26-4199-a022-7cb8d906f20f a marqu├й la t├вche comme compl├йt├йe', 'task', '3083d1f0-c564-4cf8-b2ec-a38403636881');
INSERT INTO public.notifications VALUES ('b7a1a242-7588-4745-83cb-db9bf98c264f', NULL, NULL, 'comment_added', NULL, true, '2025-09-18 20:48:45.005404', '8335ce70-8d9f-47f7-b2a3-c8fd18cd0ecf', 'Nouveau commentaire', 'Omar Benali a comment├й la t├вche "mmmmmmm"', 'task', '1e219d65-964e-44b7-9c83-7390da7d8367');
INSERT INTO public.notifications VALUES ('99c3f4b2-c2a9-4f39-adf9-ff0ae77a0835', NULL, NULL, 'task_created', NULL, false, '2025-09-18 20:17:52.45042', 'fa322927-92b0-49b9-ae44-da1cf8e485ec', 'Nouvelle t├вche: Instruction: ee', 'Assign├йe par Jean Dupont', 'task', '2a57a4dd-744a-4427-aa2f-5d0e7210d329');
INSERT INTO public.notifications VALUES ('3ca0f3f3-d732-46b0-9770-2273d0f3d35c', NULL, NULL, 'task_created', NULL, false, '2025-09-18 20:17:52.454064', '64285109-002c-4598-8afc-d2ac755ab026', 'Nouvelle t├вche: Instruction: ee', 'Assign├йe par Jean Dupont', 'task', '2a57a4dd-744a-4427-aa2f-5d0e7210d329');
INSERT INTO public.notifications VALUES ('2c04992c-9ab2-4b02-937e-23b23cb2fae6', NULL, NULL, 'task_created', NULL, false, '2025-09-18 19:41:23.314508', 'fa322927-92b0-49b9-ae44-da1cf8e485ec', 'Nouvelle t├вche: Instruction: vvvvv', 'Assign├йe par Jean Dupont', 'task', '3b50b3cf-594a-4c7d-8671-8c12f376b374');
INSERT INTO public.notifications VALUES ('d2fc6978-0729-4148-818b-9630da20fa4d', NULL, NULL, 'task_created', NULL, true, '2025-09-18 22:25:36.521881', '49459fe7-4d26-4199-a022-7cb8d906f20f', 'Nouvelle t├вche: bonne nuit merci', 'Assign├йe par Jean Dupont', 'task', '3083d1f0-c564-4cf8-b2ec-a38403636881');
INSERT INTO public.notifications VALUES ('578a52c5-396c-4a11-b9ce-d4a46ac26e64', NULL, NULL, 'task_created', NULL, false, '2025-09-18 19:41:23.422679', '64285109-002c-4598-8afc-d2ac755ab026', 'Nouvelle t├вche: Instruction: vvvvv', 'Assign├йe par Jean Dupont', 'task', '3b50b3cf-594a-4c7d-8671-8c12f376b374');
INSERT INTO public.notifications VALUES ('3da09b76-3bf7-4e30-8451-944937115e39', NULL, NULL, 'task_created', NULL, false, '2025-09-18 15:41:46.39241', '64285109-002c-4598-8afc-d2ac755ab026', 'Nouvelle t├вche: Instruction: venez reunion', 'Assign├йe par Jean Dupont', 'task', 'f61f9c78-47d8-46a3-bf3d-d758fdc32539');
INSERT INTO public.notifications VALUES ('a9a892f9-bbef-4436-8e66-98113ae7a20e', NULL, NULL, 'task_created', NULL, false, '2025-09-18 15:41:46.394042', 'fa322927-92b0-49b9-ae44-da1cf8e485ec', 'Nouvelle t├вche: Instruction: venez reunion', 'Assign├йe par Jean Dupont', 'task', 'f61f9c78-47d8-46a3-bf3d-d758fdc32539');
INSERT INTO public.notifications VALUES ('0eeb8811-bd83-4fe2-8b6a-a33cb934dc56', NULL, NULL, 'task_created', NULL, false, '2025-09-18 15:44:51.403899', '64285109-002c-4598-8afc-d2ac755ab026', 'Nouvelle t├вche: Instruction: nouvelle loi interne', 'Assign├йe par Jean Dupont', 'task', 'a8362298-a644-45c9-aee1-23b9ed333256');
INSERT INTO public.notifications VALUES ('c907e256-1ed1-4b97-8302-d540ed0a2946', NULL, NULL, 'task_created', NULL, false, '2025-09-18 15:44:51.409986', 'fa322927-92b0-49b9-ae44-da1cf8e485ec', 'Nouvelle t├вche: Instruction: nouvelle loi interne', 'Assign├йe par Jean Dupont', 'task', 'a8362298-a644-45c9-aee1-23b9ed333256');
INSERT INTO public.notifications VALUES ('f25d05f5-a213-44f7-a38c-ded3e6e8d6f6', NULL, NULL, 'comment_added', NULL, true, '2025-09-18 22:26:18.314518', '8335ce70-8d9f-47f7-b2a3-c8fd18cd0ecf', 'Nouveau commentaire', 'Omar Benali a comment├й la t├вche "bonne nuit merci"', 'task', '3083d1f0-c564-4cf8-b2ec-a38403636881');
INSERT INTO public.notifications VALUES ('376866fe-b96e-4c61-9a45-3b2b9ff5fbe4', NULL, NULL, 'comment_added', NULL, true, '2025-09-18 22:26:18.314761', '49459fe7-4d26-4199-a022-7cb8d906f20f', 'Nouveau commentaire', 'Omar Benali a comment├й la t├вche "bonne nuit merci"', 'task', '3083d1f0-c564-4cf8-b2ec-a38403636881');
INSERT INTO public.notifications VALUES ('4715f9cd-9d91-4b59-bc13-da0bd49a87ca', NULL, NULL, 'task_created', NULL, true, '2025-09-18 21:18:17.661148', '49459fe7-4d26-4199-a022-7cb8d906f20f', 'Nouvelle t├вche: cc', 'Assign├йe par Jean Dupont', 'task', '20081986-4d1d-4356-ad95-196de2347cc2');
INSERT INTO public.notifications VALUES ('46dd69a0-293e-45c0-865b-bcb08d998d02', NULL, NULL, 'task_completed', NULL, true, '2025-09-21 08:32:56.1443', '49459fe7-4d26-4199-a022-7cb8d906f20f', 'T├вche compl├йt├йe: cfcfcf', 'Tous les assign├йs ont termin├й la t├вche', 'task', 'e807e9f6-bd04-4c2b-bd02-0d13e534d562');
INSERT INTO public.notifications VALUES ('678e5095-1de0-4819-ab8c-8e67ad69983a', NULL, NULL, 'task_created', NULL, false, '2025-09-18 19:42:03.198259', '64285109-002c-4598-8afc-d2ac755ab026', 'Nouvelle t├вche: Instruction: t', 'Assign├йe par Jean Dupont', 'task', '576bdec3-8eaa-4a1c-ad92-34fb0278d66d');
INSERT INTO public.notifications VALUES ('8ff2ef5e-276f-401c-ba8a-6937f7bae9c2', NULL, NULL, 'task_created', NULL, false, '2025-09-18 19:42:03.262059', 'fa322927-92b0-49b9-ae44-da1cf8e485ec', 'Nouvelle t├вche: Instruction: t', 'Assign├йe par Jean Dupont', 'task', '576bdec3-8eaa-4a1c-ad92-34fb0278d66d');
INSERT INTO public.notifications VALUES ('81d496d4-a48a-454d-9806-61f46c8f21fc', NULL, NULL, 'assignment_completed', NULL, true, '2025-09-21 08:40:05.640239', '49459fe7-4d26-4199-a022-7cb8d906f20f', 'Un assign├й a termin├й: tf', 'Omar Benali a marqu├й la t├вche comme compl├йt├йe', 'task', '69c9a9c7-3954-4dba-aa25-ad892448ae37');
INSERT INTO public.notifications VALUES ('01c4d356-f83a-4bca-a597-581f69830ccb', NULL, NULL, 'task_completed', NULL, true, '2025-09-21 08:40:05.643173', '49459fe7-4d26-4199-a022-7cb8d906f20f', 'T├вche compl├йt├йe: tf', 'Tous les assign├йs ont termin├й la t├вche', 'task', '69c9a9c7-3954-4dba-aa25-ad892448ae37');
INSERT INTO public.notifications VALUES ('82f4bb1c-3992-4ed2-84b0-8264bc788ca6', NULL, NULL, 'task_created', NULL, true, '2025-09-21 09:40:01.185445', '49459fe7-4d26-4199-a022-7cb8d906f20f', 'Nouvelle t├вche: nnnn', 'Assign├йe par Jean Dupont', 'task', 'c6bab9b0-e0b2-4de1-84f1-25d1a8fe8375');
INSERT INTO public.notifications VALUES ('d8fd2f29-c1b6-4fc8-b1ba-6e28c260e5be', NULL, NULL, 'comment_added', NULL, false, '2025-09-21 09:41:11.683801', '64285109-002c-4598-8afc-d2ac755ab026', 'Nouveau commentaire', 'Jean Dupont a comment├й la t├вche "Instruction: ee"', 'task', '2a57a4dd-744a-4427-aa2f-5d0e7210d329');
INSERT INTO public.notifications VALUES ('2fe009d0-9d7a-49a8-bd72-c796326b4525', NULL, NULL, 'comment_added', NULL, false, '2025-09-21 09:41:11.694016', 'fa322927-92b0-49b9-ae44-da1cf8e485ec', 'Nouveau commentaire', 'Jean Dupont a comment├й la t├вche "Instruction: ee"', 'task', '2a57a4dd-744a-4427-aa2f-5d0e7210d329');
INSERT INTO public.notifications VALUES ('1a94765b-6912-4979-aa22-89687fe16b33', NULL, NULL, 'assignment_completed', NULL, true, '2025-09-21 09:40:46.856003', '8335ce70-8d9f-47f7-b2a3-c8fd18cd0ecf', 'Un assign├й a termin├й: nnnn', 'Omar Benali a marqu├й la t├вche comme compl├йt├йe', 'task', 'c6bab9b0-e0b2-4de1-84f1-25d1a8fe8375');
INSERT INTO public.notifications VALUES ('8b57ac69-81af-4a44-ab21-132bc7229c8d', NULL, NULL, 'task_created', NULL, true, '2025-09-22 09:06:48.717111', '49459fe7-4d26-4199-a022-7cb8d906f20f', 'Nouvelle t├вche: faites vos rapports', 'Assign├йe par Jean Dupont', 'task', 'e638a65f-d2aa-410f-8719-955ad3e2fe85');
INSERT INTO public.notifications VALUES ('d4c6fcd9-df68-46dc-923d-d033099505d6', NULL, NULL, 'task_created', NULL, true, '2025-09-22 11:02:58.368292', '49459fe7-4d26-4199-a022-7cb8d906f20f', 'Nouvelle t├вche: Instruction: xxxxxxxxxxxxx', 'Assign├йe par Jean Dupont', 'task', '6a4db8e9-5efd-492d-a3cb-31f9bc6c5e59');
INSERT INTO public.notifications VALUES ('5eb6ba8d-2841-44b2-aa3c-60bc921f7a37', NULL, NULL, 'task_completed', NULL, true, '2025-09-22 11:03:51.861529', '8335ce70-8d9f-47f7-b2a3-c8fd18cd0ecf', 'T├вche compl├йt├йe: Instruction: xxxxxxxxxxxxx', 'Tous les assign├йs ont termin├й la t├вche', 'task', '6a4db8e9-5efd-492d-a3cb-31f9bc6c5e59');
INSERT INTO public.notifications VALUES ('1a5edf55-eff9-416b-9210-d0599126ed2e', NULL, NULL, 'assignment_completed', NULL, true, '2025-09-22 11:03:51.858589', '8335ce70-8d9f-47f7-b2a3-c8fd18cd0ecf', 'Un assign├й a termin├й: Instruction: xxxxxxxxxxxxx', 'Karim Bensalah a marqu├й la t├вche comme compl├йt├йe', 'task', '6a4db8e9-5efd-492d-a3cb-31f9bc6c5e59');
INSERT INTO public.notifications VALUES ('3eb70c86-1346-4438-91a6-02f46937dbb9', NULL, NULL, 'task_created', NULL, true, '2025-09-22 11:37:48.740499', '49459fe7-4d26-4199-a022-7cb8d906f20f', 'Nouvelle t├вche: ggg', 'Assign├йe par Jean Dupont', 'task', 'ff5cfeec-b057-48c2-8d7c-de0d4357f003');
INSERT INTO public.notifications VALUES ('b56b673e-4f3b-44f8-bacb-07f2ff88a5dd', NULL, NULL, 'task_created', NULL, true, '2025-09-22 16:03:00.27454', '49459fe7-4d26-4199-a022-7cb8d906f20f', 'Nouvelle t├вche: bffff', 'Assign├йe par Jean Dupont', 'task', '6dd31b54-7bdf-409d-9408-bfbb47beb78a');
INSERT INTO public.notifications VALUES ('7af7b6a4-119e-4bcc-a198-79ca1c70c510', NULL, NULL, 'instruction_created', NULL, true, '2025-09-23 09:30:37.869706', '49459fe7-4d26-4199-a022-7cb8d906f20f', 'Nouvelle instruction', 'bonjour karim', 'instruction', 'f521ea53-6518-4e62-90e3-c271a6b09692');
INSERT INTO public.notifications VALUES ('c6b9be7b-aa11-4a90-88f5-45b38492f4b2', NULL, NULL, 'instruction_created', NULL, true, '2025-09-23 08:50:03.016718', '49459fe7-4d26-4199-a022-7cb8d906f20f', 'Nouvelle instruction', 'cv', 'instruction', '44c9affe-e57a-4e18-97ed-85abc2703ab8');
INSERT INTO public.notifications VALUES ('fd15c7da-e280-4d9a-acbd-55db112c7879', NULL, NULL, 'task_created', NULL, true, '2025-09-23 09:38:01.942511', '49459fe7-4d26-4199-a022-7cb8d906f20f', 'Nouvelle t├вche: mmtn cbn c fait', 'Assign├йe par Jean Dupont', 'task', 'b1751ce3-5906-4a62-adf0-3726da33e80f');
INSERT INTO public.notifications VALUES ('5ab6b751-c3f1-426f-b771-fdf77d21cccc', NULL, NULL, 'task_created', NULL, true, '2025-09-23 09:06:18.758375', '49459fe7-4d26-4199-a022-7cb8d906f20f', 'Nouvelle t├вche: cv', 'Assign├йe par Jean Dupont', 'task', '65bd9723-2996-4ef5-8627-619cae10ef3e');
INSERT INTO public.notifications VALUES ('aa0e0c37-e6d6-42b5-bf51-3160e26751cf', NULL, NULL, 'instruction_created', NULL, true, '2025-09-23 09:39:23.463085', '49459fe7-4d26-4199-a022-7cb8d906f20f', 'Nouvelle instruction', 'mtn c ok cbn', 'instruction', '7110e22e-35bd-46e9-85b7-1015956eba79');
INSERT INTO public.notifications VALUES ('229fe7b8-4f0e-4f14-b8a5-fdd57c58da7e', NULL, NULL, 'instruction_created', NULL, false, '2025-09-23 09:49:21.558867', '64285109-002c-4598-8afc-d2ac755ab026', 'Nouvelle instruction', 'lina cv cvc vc vc', 'instruction', 'c1a7fd82-6fac-4246-9add-5861ad3d40c7');
INSERT INTO public.notifications VALUES ('85056d39-a8a5-4a26-a339-5b81d44f3637', NULL, NULL, 'instruction_created', NULL, false, '2025-09-23 09:49:21.558867', 'fa322927-92b0-49b9-ae44-da1cf8e485ec', 'Nouvelle instruction', 'lina cv cvc vc vc', 'instruction', 'c1a7fd82-6fac-4246-9add-5861ad3d40c7');
INSERT INTO public.notifications VALUES ('b11ef755-57e4-4463-bd66-c64554276f90', NULL, NULL, 'instruction_created', NULL, true, '2025-09-23 09:44:03.198941', '49459fe7-4d26-4199-a022-7cb8d906f20f', 'Nouvelle instruction', 'lina cv cvc vc vc', 'instruction', 'b9c8427f-7458-42a0-9ee6-d1893beef831');
INSERT INTO public.notifications VALUES ('db7db459-3f12-4168-94cd-3d03e0a7497e', NULL, NULL, 'instruction_created', NULL, true, '2025-09-23 09:51:59.414476', '49459fe7-4d26-4199-a022-7cb8d906f20f', 'Nouvelle instruction', 'inchaaalaaaaaah', 'instruction', '60a82ee8-93d2-4c26-8c6a-8e480b6575a8');
INSERT INTO public.notifications VALUES ('07ba599c-376c-4bd2-9efd-5d4ed3006c48', NULL, NULL, 'instruction_created', NULL, true, '2025-09-23 09:59:56.95824', '49459fe7-4d26-4199-a022-7cb8d906f20f', 'Nouvelle instruction', 'QSQ T EN PENSE', 'instruction', 'c5a17a0e-556c-4e22-992e-4463ec9fb196');
INSERT INTO public.notifications VALUES ('a0141934-b77f-499a-a6c5-c590e725b58d', NULL, NULL, 'task_created', NULL, true, '2025-09-23 10:00:59.790806', '49459fe7-4d26-4199-a022-7cb8d906f20f', 'Nouvelle t├вche: WWWWW', 'Assign├йe par Jean Dupont', 'task', 'b0b74ef4-75f3-4194-a058-044b88ec4826');
INSERT INTO public.notifications VALUES ('85805ba2-bc91-4b34-a56b-8f9c4087d99a', NULL, NULL, 'task_completed', NULL, true, '2025-09-23 10:13:14.894488', '8335ce70-8d9f-47f7-b2a3-c8fd18cd0ecf', 'T├вche compl├йt├йe: WWWWW', 'Tous les assign├йs ont termin├й la t├вche', 'task', 'b0b74ef4-75f3-4194-a058-044b88ec4826');
INSERT INTO public.notifications VALUES ('83cffb34-2283-490c-950b-f612b9252a66', NULL, NULL, 'assignment_completed', NULL, true, '2025-09-23 10:13:14.891436', '8335ce70-8d9f-47f7-b2a3-c8fd18cd0ecf', 'Un assign├й a termin├й: WWWWW', 'Karim Bensalah a marqu├й la t├вche comme compl├йt├йe', 'task', 'b0b74ef4-75f3-4194-a058-044b88ec4826');
INSERT INTO public.notifications VALUES ('42a3af43-221f-437a-b2d0-86b18f0c443d', NULL, NULL, 'instruction_created', NULL, true, '2025-09-23 10:41:12.632023', '49459fe7-4d26-4199-a022-7cb8d906f20f', 'Nouvelle instruction', 'ggggggggggrrr', 'instruction', '8cbb55e4-f506-43ee-9a55-e44504c29fe1');
INSERT INTO public.notifications VALUES ('4c9db062-d556-45df-a202-dfff4d9f683d', '30f3cf89-bfe7-433b-9d6a-e54c314913c5', NULL, 'task_created', NULL, false, '2025-09-23 14:08:38.71556', '30f3cf89-bfe7-433b-9d6a-e54c314913c5', 'Nouvelle t├вche: rrrrrrDDDDD', 'Assign├йe par Jean Dupont', 'task', 'c71af977-17fd-4b2b-9f0c-fc5713a6b4a9');
INSERT INTO public.notifications VALUES ('ebdeeda5-45d4-4efc-b1e0-b5f3868cd8de', '49459fe7-4d26-4199-a022-7cb8d906f20f', NULL, 'task_created', NULL, true, '2025-09-23 15:29:09.631841', '49459fe7-4d26-4199-a022-7cb8d906f20f', 'Nouvelle t├вche: SSSS', 'Assign├йe par Jean Dupont', 'task', 'bf7c1052-c60f-4add-b4b0-84f89350f6b7');
INSERT INTO public.notifications VALUES ('891671ba-a0ba-4ffa-8938-20b794f3e142', '49459fe7-4d26-4199-a022-7cb8d906f20f', NULL, 'task_created', NULL, true, '2025-09-23 10:54:21.148585', '49459fe7-4d26-4199-a022-7cb8d906f20f', 'Nouvelle t├вche: moimoimoimoi', 'Assign├йe par Jean Dupont', 'task', 'c86d3c7d-1216-4b06-bedb-213ffec0f3e8');
INSERT INTO public.notifications VALUES ('f344a566-46c0-45c0-98c2-29abb2f6d954', '49459fe7-4d26-4199-a022-7cb8d906f20f', NULL, 'task_created', NULL, true, '2025-09-23 14:25:07.963524', '49459fe7-4d26-4199-a022-7cb8d906f20f', 'Nouvelle t├вche: ALLER EQUIPE', 'Assign├йe par Jean Dupont', 'task', '555f7f75-4b38-4445-9cf6-50b4af5d9d61');
INSERT INTO public.notifications VALUES ('ac854373-e00e-4b21-a3ca-b2e1af364011', '49459fe7-4d26-4199-a022-7cb8d906f20f', NULL, 'task_created', NULL, true, '2025-09-23 14:08:38.558579', '49459fe7-4d26-4199-a022-7cb8d906f20f', 'Nouvelle t├вche: rrrrrrDDDDD', 'Assign├йe par Jean Dupont', 'task', 'c71af977-17fd-4b2b-9f0c-fc5713a6b4a9');
INSERT INTO public.notifications VALUES ('98538642-d7a3-4c7f-a35e-9865fe760cb8', '30f3cf89-bfe7-433b-9d6a-e54c314913c5', NULL, 'task_created', NULL, false, '2025-09-23 14:25:08.110211', '30f3cf89-bfe7-433b-9d6a-e54c314913c5', 'Nouvelle t├вche: ALLER EQUIPE', 'Assign├йe par Jean Dupont', 'task', '555f7f75-4b38-4445-9cf6-50b4af5d9d61');
INSERT INTO public.notifications VALUES ('e59ad191-18c6-44ef-b5bc-c117b27d75ad', '49459fe7-4d26-4199-a022-7cb8d906f20f', NULL, 'task_created', NULL, true, '2025-09-23 14:28:04.308757', '49459fe7-4d26-4199-a022-7cb8d906f20f', 'Nouvelle t├вche: ALLERooooooooo', 'Assign├йe par Jean Dupont', 'task', 'b51ff086-97b6-46a0-a29a-3f81c34856f1');
INSERT INTO public.notifications VALUES ('2fc95ae9-1634-434f-b21f-ea20362546f9', 'e53978dd-3afe-4ad2-b06e-7ad01de42f81', NULL, 'task_created', NULL, false, '2025-09-24 11:03:05.009057', 'e53978dd-3afe-4ad2-b06e-7ad01de42f81', 'Nouvelle t├вche: ccffcfcfcfc', 'Assign├йe par Jean Dupont', 'task', 'd6f69368-6c7e-4290-a680-8b407dfd3f83');
INSERT INTO public.notifications VALUES ('c6cc4d67-833d-44b3-bebe-a85176b1f55a', '2ab3b987-fc12-4e33-bbfa-5fa1a17dbb13', NULL, 'task_created', NULL, true, '2025-09-23 14:28:04.346632', '2ab3b987-fc12-4e33-bbfa-5fa1a17dbb13', 'Nouvelle t├вche: ALLERooooooooo', 'Assign├йe par Jean Dupont', 'task', 'b51ff086-97b6-46a0-a29a-3f81c34856f1');
INSERT INTO public.notifications VALUES ('7bce3171-8138-40c5-bb68-7d8749a510da', NULL, NULL, 'instruction_created', NULL, true, '2025-09-24 08:41:18.491761', '49459fe7-4d26-4199-a022-7cb8d906f20f', 'Nouvelle instruction', 'SOYEZ PRUDENT DANS PERIODE DE TRANSPORT', 'instruction', '21d58e77-b7c5-4539-a1b4-fd87f89e26dc');
INSERT INTO public.notifications VALUES ('d00cfd36-251c-4c08-9be6-9a4f62901d86', '2ab3b987-fc12-4e33-bbfa-5fa1a17dbb13', NULL, 'task_created', NULL, true, '2025-09-23 15:29:09.5836', '2ab3b987-fc12-4e33-bbfa-5fa1a17dbb13', 'Nouvelle t├вche: SSSS', 'Assign├йe par Jean Dupont', 'task', 'bf7c1052-c60f-4add-b4b0-84f89350f6b7');
INSERT INTO public.notifications VALUES ('40447d0a-e4eb-49ac-8bd1-9fdfc78d502a', '2ab3b987-fc12-4e33-bbfa-5fa1a17dbb13', NULL, 'task_created', NULL, true, '2025-09-24 09:41:59.826304', '2ab3b987-fc12-4e33-bbfa-5fa1a17dbb13', 'Nouvelle t├вche: cccccc', 'Assign├йe par Karim Bensalah', 'task', 'ca7fdf9b-a967-4310-b2bd-61604c1af2d3');
INSERT INTO public.notifications VALUES ('59cdeecc-df7b-48f6-9f4a-ff6d2467f8f8', '49459fe7-4d26-4199-a022-7cb8d906f20f', NULL, 'assignment_completed', NULL, true, '2025-09-24 09:44:55.290889', '49459fe7-4d26-4199-a022-7cb8d906f20f', 'Un assign├й a termin├й: couccouuuuu', 'Omar Benali a marqu├й la t├вche comme compl├йt├йe', 'task', 'ca7fdf9b-a967-4310-b2bd-61604c1af2d3');
INSERT INTO public.notifications VALUES ('af3f2d5b-c1ec-4dff-95e3-b35ef8fed47e', '49459fe7-4d26-4199-a022-7cb8d906f20f', NULL, 'task_completed', NULL, true, '2025-09-24 09:44:55.29395', '49459fe7-4d26-4199-a022-7cb8d906f20f', 'T├вche compl├йt├йe: couccouuuuu', 'Tous les assign├йs ont termin├й la t├вche', 'task', 'ca7fdf9b-a967-4310-b2bd-61604c1af2d3');
INSERT INTO public.notifications VALUES ('231bee3d-6ca4-4cf5-8ada-a5255d56f9e6', '75ce2754-bd2f-433c-96ac-42a94fbde818', NULL, 'task_created', NULL, false, '2025-09-24 11:03:47.010437', '75ce2754-bd2f-433c-96ac-42a94fbde818', 'Nouvelle t├вche: LLLLLLLLL', 'Assign├йe par Jean Dupont', 'task', 'e542c9b8-25d3-44b8-95de-cf511ceb2536');
INSERT INTO public.notifications VALUES ('a3c47187-2de8-43a9-a050-3b590d88628f', '64285109-002c-4598-8afc-d2ac755ab026', NULL, 'task_created', NULL, false, '2025-09-24 11:03:47.048557', '64285109-002c-4598-8afc-d2ac755ab026', 'Nouvelle t├вche: LLLLLLLLL', 'Assign├йe par Jean Dupont', 'task', 'e542c9b8-25d3-44b8-95de-cf511ceb2536');
INSERT INTO public.notifications VALUES ('14b43c1a-daaa-42cd-a5f6-c8ac35805ea4', NULL, NULL, 'instruction_created', NULL, true, '2025-09-24 11:04:03.605376', '49459fe7-4d26-4199-a022-7cb8d906f20f', 'Nouvelle instruction', 'LOOLOLO', 'instruction', 'cc5b5cab-0aaf-455b-bccf-0c4e6ab757d9');
INSERT INTO public.notifications VALUES ('ee50a1b4-71db-4bb0-987a-4d039451577a', '2ab3b987-fc12-4e33-bbfa-5fa1a17dbb13', NULL, 'task_created', NULL, true, '2025-09-24 11:13:50.961627', '2ab3b987-fc12-4e33-bbfa-5fa1a17dbb13', 'Nouvelle t├вche: LEDER', 'Assign├йe par Karim Bensalah', 'task', '21eaffda-f755-44e1-953b-d06dca88b18e');
INSERT INTO public.notifications VALUES ('c5396c11-f28f-4878-9739-c2137ddb1c03', '2ab3b987-fc12-4e33-bbfa-5fa1a17dbb13', NULL, 'task_created', NULL, true, '2025-09-24 11:03:04.83576', '2ab3b987-fc12-4e33-bbfa-5fa1a17dbb13', 'Nouvelle t├вche: ccffcfcfcfc', 'Assign├йe par Jean Dupont', 'task', 'd6f69368-6c7e-4290-a680-8b407dfd3f83');
INSERT INTO public.notifications VALUES ('32c913be-73b9-49e7-8374-581c113ddbb3', NULL, NULL, 'instruction_created', NULL, true, '2025-09-24 11:03:15.993472', '49459fe7-4d26-4199-a022-7cb8d906f20f', 'Nouvelle instruction', 'vvvvvvvvvvvv', 'instruction', '7d2a7cdc-d6a4-47b5-964a-10e786a393f3');


--
-- Data for Name: permission_requests; Type: TABLE DATA; Schema: public; Owner: postgres
--



--
-- Data for Name: position_salaries; Type: TABLE DATA; Schema: public; Owner: postgres
--



--
-- Data for Name: report_acknowledgements; Type: TABLE DATA; Schema: public; Owner: postgres
--

INSERT INTO public.report_acknowledgements VALUES ('ba2fb6a8-821b-4a28-8624-22a077aa66d7', '8182fbe6-9fc4-47a7-af5d-68fab67b80f5', '8335ce70-8d9f-47f7-b2a3-c8fd18cd0ecf', true, '2025-10-15 09:24:16.921463', '2025-10-15 09:24:16.921463', '2025-10-15 09:24:16.921463');


--
-- Data for Name: tasks; Type: TABLE DATA; Schema: public; Owner: postgres
--

INSERT INTO public.tasks VALUES ('e87f8d56-16f3-412d-beec-458183d865ff', 'aaa', 'a', 'Daily', '33e94f83-bd19-4ab2-9da5-e4452daee40a', '2025-08-28', 'Pending', '2025-08-27 15:10:01.199514', '2025-08-27 15:10:01.199514', 'Low', NULL);
INSERT INTO public.tasks VALUES ('4f6b6930-f2c1-46a0-8ab5-0292bc530a57', 'devloppement d un site web pour gestion de stock', 'on gere les stocks de l ecole ', 'Daily', '33e94f83-bd19-4ab2-9da5-e4452daee40a', '2025-08-28', 'Pending', '2025-08-27 15:13:45.650596', '2025-08-27 15:13:45.650596', 'Low', NULL);
INSERT INTO public.tasks VALUES ('082ec7d4-3d2e-49e2-be54-c16939aca6c3', 'cour de soutiens', 'au eleve de 4eme ann├йe', 'Daily', '33e94f83-bd19-4ab2-9da5-e4452daee40a', '2025-08-28', 'Pending', '2025-08-27 15:43:05.867182', '2025-08-27 15:43:05.867182', 'Low', NULL);
INSERT INTO public.tasks VALUES ('b40f1846-92ed-4771-a1ee-ce0d02f7a638', 'ttt', 'rrr', 'Daily', '33e94f83-bd19-4ab2-9da5-e4452daee40a', '2025-08-29', 'Pending', '2025-08-28 10:07:55.749869', '2025-08-28 10:07:55.749869', 'Low', NULL);
INSERT INTO public.tasks VALUES ('9e624aa4-e386-4189-abe0-61c40a13934f', 'sss', 's', 'Daily', '33e94f83-bd19-4ab2-9da5-e4452daee40a', '2025-08-29', 'Pending', '2025-08-28 11:21:07.661317', '2025-08-28 11:21:07.661317', 'Low', NULL);
INSERT INTO public.tasks VALUES ('209b482c-5c50-4de2-b7bd-a22f094ce628', 'aa', 'aa', 'Daily', '33e94f83-bd19-4ab2-9da5-e4452daee40a', '2025-08-29', 'Pending', '2025-08-28 11:34:32.298821', '2025-08-28 11:34:32.298821', 'Low', NULL);
INSERT INTO public.tasks VALUES ('65816c08-cfab-4c07-a99a-c668f21b6aa4', 'test completed', 'dddd', 'Daily', '33e94f83-bd19-4ab2-9da5-e4452daee40a', '2025-09-01', 'Pending', '2025-08-31 10:30:16.516435', '2025-08-31 10:30:16.516435', 'Low', NULL);
INSERT INTO public.tasks VALUES ('709412dc-a3ef-4709-a10d-f8593da60eeb', 'text test', 'test test ', 'Special', '33e94f83-bd19-4ab2-9da5-e4452daee40a', '2025-09-01', 'Pending', '2025-08-31 10:45:57.85295', '2025-08-31 10:45:57.85295', 'Low', NULL);
INSERT INTO public.tasks VALUES ('628c0d53-2520-4c96-abd8-664e138dc42f', 'final test', 'nchlh', 'Daily', '33e94f83-bd19-4ab2-9da5-e4452daee40a', '2025-09-01', 'Pending', '2025-08-31 11:03:54.129676', '2025-08-31 11:03:54.129676', 'Low', NULL);
INSERT INTO public.tasks VALUES ('b7fc498c-9c3b-4dd1-876e-874420ddb417', 'oh mon  dieux', 'tg', 'Special', '33e94f83-bd19-4ab2-9da5-e4452daee40a', '2025-09-01', 'Completed', '2025-08-31 12:11:51.065232', '2025-08-31 12:21:23.126094', 'Medium', '2025-08-31 12:21:23.126094');
INSERT INTO public.tasks VALUES ('f67d0d66-adba-49f0-96e0-618824696ea6', 'trigger test', 'test ', 'Daily', '33e94f83-bd19-4ab2-9da5-e4452daee40a', '2025-09-01', 'Completed', '2025-08-31 13:17:31.491054', '2025-08-31 13:19:03.667777', 'Low', '2025-08-31 13:19:03.667777');
INSERT INTO public.tasks VALUES ('0489fad2-cbf0-41bf-953f-5dad6660a567', 'trtrtr', 'rtrttrtrt', 'Special', '33e94f83-bd19-4ab2-9da5-e4452daee40a', '2025-09-01', 'Completed', '2025-08-31 13:19:39.324657', '2025-08-31 13:19:56.217408', 'Low', '2025-08-31 13:19:56.217408');
INSERT INTO public.tasks VALUES ('b599aa36-84a3-459a-8967-dbbb5e9cabf9', 'aaaaa', 'ok', 'Daily', '33e94f83-bd19-4ab2-9da5-e4452daee40a', '2025-09-01', 'Completed', '2025-08-31 13:24:07.094986', '2025-08-31 13:24:31.221425', 'Low', '2025-08-31 13:24:31.221425');
INSERT INTO public.tasks VALUES ('a95884a8-21b7-4d6f-8067-de57a513c421', 'sss', ',j', 'Daily', '33e94f83-bd19-4ab2-9da5-e4452daee40a', '2025-09-01', 'Completed', '2025-08-31 13:24:46.064215', '2025-08-31 13:25:31.177055', 'Low', '2025-08-31 13:25:31.177055');
INSERT INTO public.tasks VALUES ('30de13d3-1ee1-4708-b1b0-5b5a1f0bbeda', 'tjr', 'cv', 'Daily', '33e94f83-bd19-4ab2-9da5-e4452daee40a', '2025-09-01', 'Completed', '2025-08-31 21:48:38.018698', '2025-08-31 22:09:40.283816', 'Low', '2025-08-31 22:09:40.283816');
INSERT INTO public.tasks VALUES ('5c01a431-ea61-4eeb-9228-71e5be7ca50a', 'inscription 2am', 'recuperation de dossier ', 'Special', '33e94f83-bd19-4ab2-9da5-e4452daee40a', '2025-09-02', 'Pending', '2025-09-01 09:17:39.136423', '2025-09-01 09:17:39.136423', 'High', NULL);
INSERT INTO public.tasks VALUES ('f70005b3-dd87-4bd6-a6b3-5f0b7423c803', 'rr', 'rrr', 'Daily', '49459fe7-4d26-4199-a022-7cb8d906f20f', '2025-09-08', 'Completed', '2025-09-07 14:06:11.366125', '2025-09-07 14:06:16.962311', 'Low', '2025-09-07 14:06:16.962311');
INSERT INTO public.tasks VALUES ('821cbe74-6216-4a6d-9de2-7397f42757ff', 'inscp primaire ', 'orientation vers les classes imm├йdiatement allons-y ', 'Special', '33e94f83-bd19-4ab2-9da5-e4452daee40a', '2025-09-01', 'Completed', '2025-09-01 10:09:59.630427', '2025-09-01 12:04:33.095277', 'High', '2025-09-01 12:04:33.095277');
INSERT INTO public.tasks VALUES ('747f49a1-8aac-4382-95b0-4a92c76e0ca4', 'aa', 'ooo', 'Daily', '33e94f83-bd19-4ab2-9da5-e4452daee40a', '2025-09-02', 'Completed', '2025-09-01 15:32:20.794803', '2025-09-01 15:32:42.392599', 'Low', '2025-09-01 15:32:42.392599');
INSERT INTO public.tasks VALUES ('a8a7ed8b-dabc-415b-9b34-c4835c05351b', 'tachh', 'oooo', 'Daily', '33e94f83-bd19-4ab2-9da5-e4452daee40a', '2025-09-02', 'Completed', '2025-09-01 15:33:18.844988', '2025-09-01 15:34:06.580378', 'Low', '2025-09-01 15:34:06.580378');
INSERT INTO public.tasks VALUES ('a426835d-c9cc-4c8e-bd10-054dd30cc591', 'suppresion', 'tst', 'Daily', '33e94f83-bd19-4ab2-9da5-e4452daee40a', '2025-09-02', 'Completed', '2025-09-01 09:18:07.690935', '2025-09-01 15:50:39.438133', 'Low', '2025-09-01 15:50:39.438133');
INSERT INTO public.tasks VALUES ('14e6b47f-02ff-4edb-a54a-31963db25e9c', 'r', 'r', 'Daily', '33e94f83-bd19-4ab2-9da5-e4452daee40a', '2025-09-03', 'Pending', '2025-09-02 12:20:36.174154', '2025-09-02 12:20:36.174154', 'Low', NULL);
INSERT INTO public.tasks VALUES ('c719b6a3-f731-4e42-9b85-02ff0f5c0b70', 't', 't', 'Daily', '33e94f83-bd19-4ab2-9da5-e4452daee40a', '2025-09-03', 'Completed', '2025-09-02 12:23:09.73149', '2025-09-02 14:57:17.91419', 'Low', '2025-09-02 14:57:17.91419');
INSERT INTO public.tasks VALUES ('a646f2fc-3ed9-41cb-9acf-90b401ee172d', 'laura', 'tache', 'Daily', '33e94f83-bd19-4ab2-9da5-e4452daee40a', '2025-09-03', 'Completed', '2025-09-02 15:01:20.669636', '2025-09-02 15:01:50.257657', 'High', '2025-09-02 15:01:50.257657');
INSERT INTO public.tasks VALUES ('62e273b3-dec4-4498-a947-fb4bdc32043a', 'aaaaa', 'o', 'Daily', '33e94f83-bd19-4ab2-9da5-e4452daee40a', '2025-09-03', 'Completed', '2025-09-02 15:37:41.471245', '2025-09-02 15:38:12.460255', 'Low', '2025-09-02 15:38:12.460255');
INSERT INTO public.tasks VALUES ('dcf0331e-26a8-4079-ad61-b09020df2d02', 'tasks', 'karim', 'Daily', '33e94f83-bd19-4ab2-9da5-e4452daee40a', '2025-09-04', 'Pending', '2025-09-03 09:38:12.37628', '2025-09-03 09:38:12.37628', 'Low', NULL);
INSERT INTO public.tasks VALUES ('cc8ce00d-ba5d-4bf2-930a-9e2708f23e6d', 'eo', 'a 0', 'Daily', '49459fe7-4d26-4199-a022-7cb8d906f20f', '2025-09-04', 'Completed', '2025-09-03 11:05:55.826545', '2025-09-03 11:50:32.747652', 'Low', '2025-09-03 11:50:32.747652');
INSERT INTO public.tasks VALUES ('bbc524e1-09d3-45a7-abdf-eb333aec4be3', 'yyyy', 'ty', 'Daily', '49459fe7-4d26-4199-a022-7cb8d906f20f', '2025-09-05', 'Pending', '2025-09-04 11:04:41.499394', '2025-09-04 11:04:41.499394', 'Low', NULL);
INSERT INTO public.tasks VALUES ('354c9f6d-bd8f-49c6-81e3-12fa90bffe0d', 'karim', 'task s', 'Daily', '49459fe7-4d26-4199-a022-7cb8d906f20f', '2025-09-04', 'Completed', '2025-09-03 09:56:25.911887', '2025-09-07 13:14:12.839119', 'Low', '2025-09-07 13:14:12.839119');
INSERT INTO public.tasks VALUES ('e3914b4e-9020-46c7-9bb5-0d33e142c18a', 'sophie', 'task', 'Daily', '33e94f83-bd19-4ab2-9da5-e4452daee40a', '2025-09-04', 'Completed', '2025-09-03 10:24:17.491438', '2025-09-07 13:15:10.747699', 'Low', '2025-09-07 13:15:10.747699');
INSERT INTO public.tasks VALUES ('d1acd702-4b3c-4267-8895-ba85e9a4a72f', 'current', 'oui', 'Daily', '33e94f83-bd19-4ab2-9da5-e4452daee40a', '2025-09-04', 'Completed', '2025-09-03 09:45:43.654387', '2025-09-07 13:15:17.085775', 'Low', '2025-09-07 13:15:17.085775');
INSERT INTO public.tasks VALUES ('38516c5b-61a0-4931-a7ac-3dd86afc679f', 'enfin local', 'host', 'Daily', '49459fe7-4d26-4199-a022-7cb8d906f20f', '2025-09-09', 'Completed', '2025-09-08 11:04:21.176583', '2025-09-08 11:05:04.569889', 'Low', '2025-09-08 11:05:04.569889');
INSERT INTO public.tasks VALUES ('a4e479ed-3099-4abf-9dc3-8d127b6cfc01', 'c ok', 'on verra', 'Daily', '49459fe7-4d26-4199-a022-7cb8d906f20f', '2025-09-09', 'Completed', '2025-09-08 11:08:48.763133', '2025-09-08 11:12:41.922015', 'Low', '2025-09-08 11:12:41.922015');
INSERT INTO public.tasks VALUES ('c81f2aa4-35e7-48c3-9aea-86a88d2bef06', 'aider les eleves', 'au moment de d├йjeuner veuillez  svp guider les ├йlev├йs pour que ca se passe bien', 'Daily', '49459fe7-4d26-4199-a022-7cb8d906f20f', '2025-09-09', 'Completed', '2025-09-08 14:12:55.861793', '2025-09-08 14:13:07.77289', 'Medium', '2025-09-08 14:13:07.77289');
INSERT INTO public.tasks VALUES ('f4c67c2b-9380-4ecf-a453-67d904f5b315', 't', 'oooooo', 'Daily', '49459fe7-4d26-4199-a022-7cb8d906f20f', '2025-09-10', 'Completed', '2025-09-09 14:30:41.260353', '2025-09-09 14:30:59.089665', 'Low', '2025-09-09 14:30:59.089665');
INSERT INTO public.tasks VALUES ('0e4872fa-3dcb-4f4b-91b5-4b99346e2550', 'soph', 'ss', 'Daily', '49459fe7-4d26-4199-a022-7cb8d906f20f', '2025-09-11', 'Pending', '2025-09-10 09:30:47.819698', '2025-09-10 09:30:47.819698', 'Low', NULL);
INSERT INTO public.tasks VALUES ('8d5f6033-ddd5-4c7f-9941-b290b03fcfff', 'inscp primaire ', 'cccc', 'Daily', '49459fe7-4d26-4199-a022-7cb8d906f20f', '2025-09-11', 'Pending', '2025-09-10 13:00:19.614376', '2025-09-10 13:00:19.614376', 'Low', NULL);
INSERT INTO public.tasks VALUES ('eff77e4c-165b-483e-86e2-75d7ba6af55a', 'humain', 'res', 'Daily', '30f3cf89-bfe7-433b-9d6a-e54c314913c5', '2025-09-12', 'Pending', '2025-09-11 08:37:54.904229', '2025-09-11 08:37:54.904229', 'Low', NULL);
INSERT INTO public.tasks VALUES ('56f9bef2-755f-4fc5-998c-cb17af7a6521', 'paul', 'viens chez moi', 'Daily', '49459fe7-4d26-4199-a022-7cb8d906f20f', '2025-09-12', 'Pending', '2025-09-11 09:19:15.616175', '2025-09-11 09:19:15.616175', 'Low', NULL);
INSERT INTO public.tasks VALUES ('4978a489-5e01-41fd-91fd-76d87e5e246a', 'Instruction: soyez s├йrieux', 'soyez s├йrieux', 'Special', '8335ce70-8d9f-47f7-b2a3-c8fd18cd0ecf', '2025-09-17', 'Pending', '2025-09-16 10:58:20.036957', '2025-09-16 10:58:20.036957', 'Medium', NULL);
INSERT INTO public.tasks VALUES ('aa832ffd-220b-450f-ac82-56c8106eabed', 'Instruction: svp venez tous a la salle de r├йunion', 'svp venez tous a la salle de r├йunion', 'Special', '8335ce70-8d9f-47f7-b2a3-c8fd18cd0ecf', '2025-09-17', 'Pending', '2025-09-16 11:25:20.058343', '2025-09-16 11:25:20.058343', 'Medium', NULL);
INSERT INTO public.tasks VALUES ('6f6e1c78-1f47-49a3-960f-6024042e574b', 'Instruction: hh', 'hh', 'Special', '8335ce70-8d9f-47f7-b2a3-c8fd18cd0ecf', '2025-09-17', 'Pending', '2025-09-16 11:44:05.924816', '2025-09-16 11:44:05.924816', 'Medium', NULL);
INSERT INTO public.tasks VALUES ('6f8e4c96-1776-4428-944b-28ef27a04daf', 'Instruction: faites les demande de mat├йriels informatiques', 'faites les demande de mat├йriels informatiques', 'Special', '8335ce70-8d9f-47f7-b2a3-c8fd18cd0ecf', '2025-09-17', 'Pending', '2025-09-16 11:47:00.847949', '2025-09-16 11:47:00.847949', 'Medium', NULL);
INSERT INTO public.tasks VALUES ('1bfa73cc-490f-411d-812a-ec2d2f79aeb1', 'ty', 'yt', 'Daily', '33e94f83-bd19-4ab2-9da5-e4452daee40a', '2025-09-02', 'Completed', '2025-09-01 15:50:56.858778', '2025-09-16 11:50:26.689992', 'Low', '2025-09-16 11:50:26.689992');
INSERT INTO public.tasks VALUES ('3c212d9f-b6ca-46f7-8eeb-250fc9af9484', 'Instruction: ok ca marche', 'ok ca marche', 'Special', '8335ce70-8d9f-47f7-b2a3-c8fd18cd0ecf', '2025-09-17', 'Pending', '2025-09-16 14:08:38.386458', '2025-09-16 14:08:38.386458', 'Medium', NULL);
INSERT INTO public.tasks VALUES ('28d1256b-dfeb-417d-8210-fb9243d20c81', 'faites vos rapports', 'en urgence je veux les recevoir tous ce soir', 'Special', '8335ce70-8d9f-47f7-b2a3-c8fd18cd0ecf', '2025-09-17', 'Completed', '2025-09-16 14:10:27.908468', '2025-09-16 15:02:06.188829', 'Medium', '2025-09-16 15:02:06.188829');
INSERT INTO public.tasks VALUES ('f8e1ef1e-38b2-482e-befc-ff8df1699e56', 'rapport fin journ├йe', 'qsq vous faites', 'Special', '8335ce70-8d9f-47f7-b2a3-c8fd18cd0ecf', '2025-09-17', 'Pending', '2025-09-16 15:15:50.177359', '2025-09-16 15:15:50.177359', 'Medium', NULL);
INSERT INTO public.tasks VALUES ('bc546d87-f1fe-4590-97b6-e34fe5f8b8ff', 'rapport fin de semaine demain n oubliez pas!', 'faites vos rapports indeviduelles , je leurs traites demain soir .', 'Special', '8335ce70-8d9f-47f7-b2a3-c8fd18cd0ecf', '2025-09-18', 'Completed', '2025-09-17 14:26:04.209857', '2025-09-17 14:27:55.4548', 'Medium', '2025-09-17 14:27:55.4548');
INSERT INTO public.tasks VALUES ('2eca569a-7588-4f78-a058-78320c80829f', 'rapport  fin de semaine demain pour directeur ', 'attention d oublier , les rapports seront trait├йes demain soir ', 'Daily', '30f3cf89-bfe7-433b-9d6a-e54c314913c5', '2025-09-18', 'Pending', '2025-09-17 14:28:57.721593', '2025-09-17 14:28:57.721593', 'Low', NULL);
INSERT INTO public.tasks VALUES ('516384f6-59f1-4b9f-95f1-46885b8585fa', 'faites vos rapports ggg', NULL, 'Special', '8335ce70-8d9f-47f7-b2a3-c8fd18cd0ecf', '2025-09-18', 'Pending', '2025-09-17 14:40:08.727328', '2025-09-17 14:40:08.727328', 'Medium', NULL);
INSERT INTO public.tasks VALUES ('80416885-9154-4b07-8c73-76018de9e541', 'tu viens chez moi stp', 'tttt', 'Special', '8335ce70-8d9f-47f7-b2a3-c8fd18cd0ecf', '2025-09-17', 'Pending', '2025-09-17 14:41:56.23719', '2025-09-17 15:19:45.750551', 'Medium', NULL);
INSERT INTO public.tasks VALUES ('8309f7a8-d10c-45dd-a0da-d5ffeae2658f', 'esq t as eu notif', 'voila', 'Daily', '49459fe7-4d26-4199-a022-7cb8d906f20f', '2025-09-19', 'Pending', '2025-09-18 10:23:39.570428', '2025-09-18 10:23:39.570428', 'Low', NULL);
INSERT INTO public.tasks VALUES ('ae58b914-9ed9-4233-b4a5-3790a0881c8e', 'bbbbbb', 'jjjjjjjjjjj', 'Daily', '49459fe7-4d26-4199-a022-7cb8d906f20f', '2025-09-19', 'Pending', '2025-09-18 10:24:49.275054', '2025-09-18 10:24:49.275054', 'Low', NULL);
INSERT INTO public.tasks VALUES ('902df144-ccba-42d7-ac9b-9bf8d7d06a9a', 'sss', 'jjjjjjjjj', 'Daily', '49459fe7-4d26-4199-a022-7cb8d906f20f', '2025-09-19', 'Pending', '2025-09-18 10:27:43.454931', '2025-09-18 10:27:43.454931', 'Low', NULL);
INSERT INTO public.tasks VALUES ('ea5f05be-dbda-452f-a9d1-11f37d40c3ad', 'faites vos taces ', 'il faut tt remplir ', 'Daily', '49459fe7-4d26-4199-a022-7cb8d906f20f', '2025-09-19', 'Completed', '2025-09-18 10:32:02.611571', '2025-09-18 10:32:57.908946', 'Low', '2025-09-18 10:32:57.908946');
INSERT INTO public.tasks VALUES ('e29cb63e-fece-4719-b168-bdb2d42a5627', 'esq cv ', 'nouveau eploy├й', 'Daily', '49459fe7-4d26-4199-a022-7cb8d906f20f', '2025-09-19', 'Pending', '2025-09-18 10:35:12.726532', '2025-09-18 10:35:12.726532', 'Low', NULL);
INSERT INTO public.tasks VALUES ('279ad485-6469-4f89-bd97-39cf69c7f92c', 'aaa', 'ooooo', 'Daily', '49459fe7-4d26-4199-a022-7cb8d906f20f', '2025-09-19', 'Pending', '2025-09-18 10:39:54.429322', '2025-09-18 10:39:54.429322', 'Low', NULL);
INSERT INTO public.tasks VALUES ('53516789-a47b-4f1d-8a9d-896076f89085', 'mmmmm', 'mmmm', 'Daily', '49459fe7-4d26-4199-a022-7cb8d906f20f', '2025-09-19', 'Pending', '2025-09-18 10:43:48.954048', '2025-09-18 10:43:48.954048', 'Low', NULL);
INSERT INTO public.tasks VALUES ('505db992-2546-4a3e-9805-5afc56176c32', 'tttt', 'ttttttt', 'Daily', '49459fe7-4d26-4199-a022-7cb8d906f20f', '2025-09-19', 'Pending', '2025-09-18 13:03:56.456062', '2025-09-18 13:03:56.456062', 'Low', NULL);
INSERT INTO public.tasks VALUES ('23bf23c0-c068-4332-902e-ce72ffca7f55', 'ttt', 'tttt', 'Daily', '49459fe7-4d26-4199-a022-7cb8d906f20f', '2025-09-19', 'Pending', '2025-09-18 13:21:54.970413', '2025-09-18 13:21:54.970413', 'Low', NULL);
INSERT INTO public.tasks VALUES ('da731849-6fab-4077-8544-a8d98c9cf7a8', 'ooo', 'ooooo', 'Daily', '49459fe7-4d26-4199-a022-7cb8d906f20f', '2025-09-19', 'Pending', '2025-09-18 13:30:22.20238', '2025-09-18 13:30:22.20238', 'Low', NULL);
INSERT INTO public.tasks VALUES ('81cae612-0528-4345-a2e2-d91ed44192c4', 'mmmmm', 'mpmpmp', 'Daily', '49459fe7-4d26-4199-a022-7cb8d906f20f', '2025-09-19', 'Pending', '2025-09-18 14:04:18.814391', '2025-09-18 14:04:18.814391', 'Low', NULL);
INSERT INTO public.tasks VALUES ('7e45f224-ad1b-425b-a1be-eccabdc5bf32', 'notif', 'css', 'Daily', '49459fe7-4d26-4199-a022-7cb8d906f20f', '2025-09-19', 'Pending', '2025-09-18 14:12:56.819086', '2025-09-18 14:12:56.819086', 'Low', NULL);
INSERT INTO public.tasks VALUES ('523da3a4-89fb-433f-bdc2-92d6c8b1f2e0', 'b', 'y', 'Daily', '49459fe7-4d26-4199-a022-7cb8d906f20f', '2025-09-19', 'Pending', '2025-09-18 14:19:41.066622', '2025-09-18 14:19:41.066622', 'Low', NULL);
INSERT INTO public.tasks VALUES ('a8532006-9606-4502-b6d6-645088b4b47a', 'ok', 'ok', 'Daily', '49459fe7-4d26-4199-a022-7cb8d906f20f', '2025-09-19', 'Pending', '2025-09-18 14:23:14.152799', '2025-09-18 14:23:14.152799', 'Low', NULL);
INSERT INTO public.tasks VALUES ('c975fb1a-bf20-4a26-a0a6-1015ca7547da', 'fenetre', 'bien', 'Daily', '49459fe7-4d26-4199-a022-7cb8d906f20f', '2025-09-19', 'Pending', '2025-09-18 14:41:40.422183', '2025-09-18 14:41:40.422183', 'Low', NULL);
INSERT INTO public.tasks VALUES ('1a3a6c6d-6664-47be-8da1-f497d3a756dd', 'n', 'n', 'Daily', '49459fe7-4d26-4199-a022-7cb8d906f20f', '2025-09-19', 'Pending', '2025-09-18 14:52:19.391355', '2025-09-18 14:52:19.391355', 'Low', NULL);
INSERT INTO public.tasks VALUES ('9ccf10f5-c551-44c1-823c-f2f60dec7074', 'blu', 'blue', 'Daily', '49459fe7-4d26-4199-a022-7cb8d906f20f', '2025-09-19', 'Pending', '2025-09-18 15:06:59.681926', '2025-09-18 15:06:59.681926', 'Low', NULL);
INSERT INTO public.tasks VALUES ('8459e9b8-156e-4728-97e1-7bfd7ee876c3', 'c bien', 'gut', 'Daily', '49459fe7-4d26-4199-a022-7cb8d906f20f', '2025-09-19', 'Pending', '2025-09-18 15:10:30.738593', '2025-09-18 15:10:30.738593', 'Low', NULL);
INSERT INTO public.tasks VALUES ('da630d45-514d-4c82-93ce-8df80a905020', 'et mtn ', 'ok ok,', 'Daily', '49459fe7-4d26-4199-a022-7cb8d906f20f', '2025-09-19', 'Pending', '2025-09-18 15:15:22.226915', '2025-09-18 15:15:22.226915', 'Low', NULL);
INSERT INTO public.tasks VALUES ('a7b0c5f8-5ceb-4100-a4ee-516500ec2a13', 'c mieux', 'ok', 'Daily', '49459fe7-4d26-4199-a022-7cb8d906f20f', '2025-09-19', 'Pending', '2025-09-18 15:18:15.224756', '2025-09-18 15:18:15.224756', 'Low', NULL);
INSERT INTO public.tasks VALUES ('fb8cbf69-a469-4e54-9a71-02423d3a5525', 't', 'bf', 'Daily', '49459fe7-4d26-4199-a022-7cb8d906f20f', '2025-09-19', 'Pending', '2025-09-18 15:18:39.563846', '2025-09-18 15:18:39.563846', 'Low', NULL);
INSERT INTO public.tasks VALUES ('b3fdc8cf-0cc0-4244-9848-9200cf620a33', 'c', 'c', 'Daily', '49459fe7-4d26-4199-a022-7cb8d906f20f', '2025-09-19', 'Pending', '2025-09-18 15:19:12.234412', '2025-09-18 15:19:12.234412', 'Low', NULL);
INSERT INTO public.tasks VALUES ('1b5f6050-c924-4ea9-b613-12bd7f662e99', 'inscp primaire ', 't', 'Daily', '49459fe7-4d26-4199-a022-7cb8d906f20f', '2025-09-19', 'Pending', '2025-09-18 15:19:44.384176', '2025-09-18 15:19:44.384176', 'Low', NULL);
INSERT INTO public.tasks VALUES ('9af64b2e-d4b2-4aea-a322-64a70a315bb1', 'k', 'k', 'Daily', '49459fe7-4d26-4199-a022-7cb8d906f20f', '2025-09-19', 'Pending', '2025-09-18 15:19:55.722331', '2025-09-18 15:19:55.722331', 'Low', NULL);
INSERT INTO public.tasks VALUES ('91aa1144-f535-421c-bcdd-c223f3ebe648', 'rapport!', 'dernier delai apres 1 heure', 'Special', '8335ce70-8d9f-47f7-b2a3-c8fd18cd0ecf', '2025-09-19', 'Pending', '2025-09-18 15:27:56.066065', '2025-09-18 15:27:56.066065', 'Medium', NULL);
INSERT INTO public.tasks VALUES ('e0f31d80-be5e-4a03-999b-22bc292dae7b', 'ey', 'ye', 'Daily', '49459fe7-4d26-4199-a022-7cb8d906f20f', '2025-09-19', 'Pending', '2025-09-18 15:32:00.364004', '2025-09-18 15:32:00.364004', 'Low', NULL);
INSERT INTO public.tasks VALUES ('6a6acb7e-7bc4-4bef-b68f-3a57ec6dbb22', 'gg', 'gogogog', 'Daily', '49459fe7-4d26-4199-a022-7cb8d906f20f', '2025-09-19', 'Pending', '2025-09-18 15:34:16.754317', '2025-09-18 15:34:16.754317', 'Low', NULL);
INSERT INTO public.tasks VALUES ('bf260743-8860-4101-8e88-7d239d8fd26e', 'hh', 'hhh', 'Daily', '49459fe7-4d26-4199-a022-7cb8d906f20f', '2025-09-19', 'Pending', '2025-09-18 15:35:52.748369', '2025-09-18 15:35:52.748369', 'Low', NULL);
INSERT INTO public.tasks VALUES ('f61f9c78-47d8-46a3-bf3d-d758fdc32539', 'Instruction: venez reunion', 'venez reunion', 'Special', '8335ce70-8d9f-47f7-b2a3-c8fd18cd0ecf', '2025-09-19', 'Pending', '2025-09-18 15:41:46.167161', '2025-09-18 15:41:46.167161', 'Medium', NULL);
INSERT INTO public.tasks VALUES ('96cb4e2e-ac79-4189-a431-4364f75b922e', 'uiuiui', 'vvvvv', 'Special', '8335ce70-8d9f-47f7-b2a3-c8fd18cd0ecf', '2025-09-19', 'Pending', '2025-09-18 15:43:25.383156', '2025-09-18 15:43:25.383156', 'Medium', NULL);
INSERT INTO public.tasks VALUES ('b33c5ad2-1354-4c38-b5b1-29dc4f1c955d', 'Instruction: venez reunion', 'venez reunion', 'Special', '8335ce70-8d9f-47f7-b2a3-c8fd18cd0ecf', '2025-09-19', 'Pending', '2025-09-18 15:44:15.011596', '2025-09-18 15:44:15.011596', 'Medium', NULL);
INSERT INTO public.tasks VALUES ('a8362298-a644-45c9-aee1-23b9ed333256', 'Instruction: nouvelle loi interne', 'nouvelle loi interne', 'Special', '8335ce70-8d9f-47f7-b2a3-c8fd18cd0ecf', '2025-09-19', 'Pending', '2025-09-18 15:44:51.155931', '2025-09-18 15:44:51.155931', 'Medium', NULL);
INSERT INTO public.tasks VALUES ('cec90a62-72e3-42cd-ae32-4406a3335cd1', 'ttttttt', 'tt', 'Special', '8335ce70-8d9f-47f7-b2a3-c8fd18cd0ecf', '2025-09-19', 'Pending', '2025-09-18 15:52:10.574515', '2025-09-18 15:52:10.574515', 'Medium', NULL);
INSERT INTO public.tasks VALUES ('c9b508e5-917c-4089-b3a0-e02204fec1e5', 'Instruction: toooo', 'toooo', 'Special', '8335ce70-8d9f-47f7-b2a3-c8fd18cd0ecf', '2025-09-19', 'Pending', '2025-09-18 15:52:25.984669', '2025-09-18 15:52:25.984669', 'Medium', NULL);
INSERT INTO public.tasks VALUES ('9e173855-8d4a-4174-9f03-eee93580622a', 'venez', 'zzzz', 'Special', '8335ce70-8d9f-47f7-b2a3-c8fd18cd0ecf', '2025-09-19', 'Pending', '2025-09-18 15:57:15.27805', '2025-09-18 15:57:15.27805', 'Medium', NULL);
INSERT INTO public.tasks VALUES ('3b50b3cf-594a-4c7d-8671-8c12f376b374', 'Instruction: vvvvv', 'vvvvv', 'Special', '8335ce70-8d9f-47f7-b2a3-c8fd18cd0ecf', '2025-09-19', 'Pending', '2025-09-18 19:41:22.600199', '2025-09-18 19:41:22.600199', 'Medium', NULL);
INSERT INTO public.tasks VALUES ('576bdec3-8eaa-4a1c-ad92-34fb0278d66d', 'Instruction: t', 't', 'Special', '8335ce70-8d9f-47f7-b2a3-c8fd18cd0ecf', '2025-09-19', 'Pending', '2025-09-18 19:42:02.59674', '2025-09-18 19:42:02.59674', 'Medium', NULL);
INSERT INTO public.tasks VALUES ('b2461e65-7671-4d34-8f3d-0704af234589', 'aa', 'e', 'Daily', '49459fe7-4d26-4199-a022-7cb8d906f20f', '2025-09-19', 'Completed', '2025-09-18 19:42:39.42563', '2025-09-18 19:42:56.691815', 'Low', '2025-09-18 19:42:56.691815');
INSERT INTO public.tasks VALUES ('9750fc58-241a-43ca-a798-68e818857466', 'Instruction: viens', 'viens', 'Special', '8335ce70-8d9f-47f7-b2a3-c8fd18cd0ecf', '2025-09-19', 'Pending', '2025-09-18 20:00:32.314419', '2025-09-18 20:00:32.314419', 'Medium', NULL);
INSERT INTO public.tasks VALUES ('cf74ac8c-a9bf-48d5-986a-894611408e50', 'ggggg', NULL, 'Special', '8335ce70-8d9f-47f7-b2a3-c8fd18cd0ecf', '2025-09-19', 'Pending', '2025-09-18 20:02:35.022821', '2025-09-18 20:02:35.022821', 'Medium', NULL);
INSERT INTO public.tasks VALUES ('6083e890-f258-4a41-bac5-b1e316ab6c91', 'Instruction: vvvv', 'vvvv', 'Special', '8335ce70-8d9f-47f7-b2a3-c8fd18cd0ecf', '2025-09-19', 'Pending', '2025-09-18 20:07:40.739881', '2025-09-18 20:07:40.739881', 'Medium', NULL);
INSERT INTO public.tasks VALUES ('72b6117e-674b-4f53-96a6-d3918f018a3a', 'kkk', 'jjj', 'Special', '8335ce70-8d9f-47f7-b2a3-c8fd18cd0ecf', '2025-09-19', 'Pending', '2025-09-18 20:08:28.44735', '2025-09-18 20:08:28.44735', 'Medium', NULL);
INSERT INTO public.tasks VALUES ('571d7861-b66d-48fa-be87-f2eebb775c36', 'bb', 'gg', 'Daily', '49459fe7-4d26-4199-a022-7cb8d906f20f', '2025-09-19', 'Pending', '2025-09-18 20:09:18.735885', '2025-09-18 20:09:18.735885', 'Low', NULL);
INSERT INTO public.tasks VALUES ('2a57a4dd-744a-4427-aa2f-5d0e7210d329', 'Instruction: ee', 'ee', 'Special', '8335ce70-8d9f-47f7-b2a3-c8fd18cd0ecf', '2025-09-19', 'Pending', '2025-09-18 20:17:51.918397', '2025-09-18 20:17:51.918397', 'Medium', NULL);
INSERT INTO public.tasks VALUES ('a10d908b-029a-48a0-9c0b-f75f435a053b', 't', NULL, 'Special', '8335ce70-8d9f-47f7-b2a3-c8fd18cd0ecf', '2025-09-19', 'Pending', '2025-09-18 20:18:20.588008', '2025-09-18 20:18:20.588008', 'Medium', NULL);
INSERT INTO public.tasks VALUES ('af2db4d1-a7e0-4283-915c-3f408e8bd8ff', 'ggggggg', NULL, 'Special', '8335ce70-8d9f-47f7-b2a3-c8fd18cd0ecf', '2025-09-19', 'Pending', '2025-09-18 20:22:04.512774', '2025-09-18 20:22:04.512774', 'Medium', NULL);
INSERT INTO public.tasks VALUES ('11ee8c27-2eb8-4bdc-8eff-e1decadc63f0', 'gggghhgghgh', NULL, 'Special', '8335ce70-8d9f-47f7-b2a3-c8fd18cd0ecf', '2025-09-19', 'Pending', '2025-09-18 20:25:43.034701', '2025-09-18 20:25:43.034701', 'Medium', NULL);
INSERT INTO public.tasks VALUES ('c30ff347-c0a2-4e5a-881c-7f2cb3e62587', 'mmmmm', NULL, 'Special', '8335ce70-8d9f-47f7-b2a3-c8fd18cd0ecf', '2025-09-19', 'Pending', '2025-09-18 20:33:07.130008', '2025-09-18 20:33:07.130008', 'Medium', NULL);
INSERT INTO public.tasks VALUES ('e33d2dd2-f1c7-46ee-8c7f-5fbb2f0517e3', 'slt', NULL, 'Special', '8335ce70-8d9f-47f7-b2a3-c8fd18cd0ecf', '2025-09-19', 'Pending', '2025-09-18 20:39:45.712557', '2025-09-18 20:39:45.712557', 'Medium', NULL);
INSERT INTO public.tasks VALUES ('088e5466-1005-4a27-afe8-6b2524ff9d66', 'slt', NULL, 'Special', '8335ce70-8d9f-47f7-b2a3-c8fd18cd0ecf', '2025-09-19', 'Pending', '2025-09-18 20:39:45.972415', '2025-09-18 20:39:45.972415', 'Medium', NULL);
INSERT INTO public.tasks VALUES ('1e219d65-964e-44b7-9c83-7390da7d8367', 'mmmmmmm', NULL, 'Special', '8335ce70-8d9f-47f7-b2a3-c8fd18cd0ecf', '2025-09-19', 'Pending', '2025-09-18 20:45:33.341574', '2025-09-18 20:45:33.341574', 'Medium', NULL);
INSERT INTO public.tasks VALUES ('cb3b8e2d-f5a4-471e-b31a-fc00f75721e6', 'tt', NULL, 'Special', '8335ce70-8d9f-47f7-b2a3-c8fd18cd0ecf', '2025-09-19', 'Pending', '2025-09-18 20:50:38.13457', '2025-09-18 20:50:38.13457', 'Medium', NULL);
INSERT INTO public.tasks VALUES ('20081986-4d1d-4356-ad95-196de2347cc2', 'cc', NULL, 'Special', '8335ce70-8d9f-47f7-b2a3-c8fd18cd0ecf', '2025-09-19', 'Pending', '2025-09-18 21:18:17.42242', '2025-09-18 21:18:17.42242', 'Medium', NULL);
INSERT INTO public.tasks VALUES ('3083d1f0-c564-4cf8-b2ec-a38403636881', 'bonne nuit merci', NULL, 'Special', '8335ce70-8d9f-47f7-b2a3-c8fd18cd0ecf', '2025-09-19', 'Pending', '2025-09-18 22:25:36.439605', '2025-09-18 22:25:36.439605', 'Medium', NULL);
INSERT INTO public.tasks VALUES ('e807e9f6-bd04-4c2b-bd02-0d13e534d562', 'cfcfcf', 'vvvvvv', 'Daily', '49459fe7-4d26-4199-a022-7cb8d906f20f', '2025-09-22', 'Completed', '2025-09-21 08:31:37.32432', '2025-09-21 08:32:56.127714', 'Low', '2025-09-21 08:32:56.127714');
INSERT INTO public.tasks VALUES ('69c9a9c7-3954-4dba-aa25-ad892448ae37', 'tf', 'ffff', 'Daily', '49459fe7-4d26-4199-a022-7cb8d906f20f', '2025-09-22', 'Completed', '2025-09-21 08:39:52.525867', '2025-09-21 08:40:05.632971', 'Low', '2025-09-21 08:40:05.632971');
INSERT INTO public.tasks VALUES ('e638a65f-d2aa-410f-8719-955ad3e2fe85', 'faites vos rapports', 'uuu', 'Special', '8335ce70-8d9f-47f7-b2a3-c8fd18cd0ecf', '2025-09-23', 'Pending', '2025-09-22 09:06:48.583309', '2025-09-22 09:06:48.583309', 'Medium', NULL);
INSERT INTO public.tasks VALUES ('6a4db8e9-5efd-492d-a3cb-31f9bc6c5e59', 'Instruction: xxxxxxxxxxxxx', 'xxxxxxxxxxxxx', 'Special', '8335ce70-8d9f-47f7-b2a3-c8fd18cd0ecf', '2025-09-23', 'Completed', '2025-09-22 11:02:58.182599', '2025-09-22 11:03:51.510511', 'Medium', '2025-09-22 11:03:51.510511');
INSERT INTO public.tasks VALUES ('ff5cfeec-b057-48c2-8d7c-de0d4357f003', 'ggg', NULL, 'Special', '8335ce70-8d9f-47f7-b2a3-c8fd18cd0ecf', '2025-09-23', 'Pending', '2025-09-22 11:37:48.667112', '2025-09-22 11:37:48.667112', 'Medium', NULL);
INSERT INTO public.tasks VALUES ('6dd31b54-7bdf-409d-9408-bfbb47beb78a', 'bffff', NULL, 'Special', '8335ce70-8d9f-47f7-b2a3-c8fd18cd0ecf', '2025-09-23', 'Pending', '2025-09-22 16:03:00.184625', '2025-09-22 16:03:00.184625', 'Medium', NULL);
INSERT INTO public.tasks VALUES ('65bd9723-2996-4ef5-8627-619cae10ef3e', 'cv', NULL, 'Special', '8335ce70-8d9f-47f7-b2a3-c8fd18cd0ecf', '2025-09-24', 'Pending', '2025-09-23 09:06:18.350648', '2025-09-23 09:06:18.350648', 'Medium', NULL);
INSERT INTO public.tasks VALUES ('b1751ce3-5906-4a62-adf0-3726da33e80f', 'mmtn cbn c fait', NULL, 'Special', '8335ce70-8d9f-47f7-b2a3-c8fd18cd0ecf', '2025-09-24', 'Pending', '2025-09-23 09:38:01.872814', '2025-09-23 09:38:01.872814', 'Medium', NULL);
INSERT INTO public.tasks VALUES ('b0b74ef4-75f3-4194-a058-044b88ec4826', 'WWWWW', NULL, 'Special', '8335ce70-8d9f-47f7-b2a3-c8fd18cd0ecf', '2025-09-24', 'Completed', '2025-09-23 10:00:59.734034', '2025-09-23 10:13:14.879271', 'Medium', '2025-09-23 10:13:14.879271');
INSERT INTO public.tasks VALUES ('597ac861-f579-4747-8254-b9f69caded90', 'hello directeur', NULL, 'Special', '8335ce70-8d9f-47f7-b2a3-c8fd18cd0ecf', '2025-09-24', 'Pending', '2025-09-23 10:48:34.247052', '2025-09-23 10:48:34.247052', 'Medium', NULL);
INSERT INTO public.tasks VALUES ('51a2fc2d-d259-4d11-8ca6-b7abd5d7014e', 'hello directeur', NULL, 'Special', '8335ce70-8d9f-47f7-b2a3-c8fd18cd0ecf', '2025-09-24', 'Pending', '2025-09-23 10:48:51.385255', '2025-09-23 10:48:51.385255', 'Medium', NULL);
INSERT INTO public.tasks VALUES ('e07c7a64-87b3-4be0-998e-e6b36d370617', 'tasksssssssssssss', NULL, 'Special', '8335ce70-8d9f-47f7-b2a3-c8fd18cd0ecf', '2025-09-24', 'Pending', '2025-09-23 10:51:04.012873', '2025-09-23 10:51:04.012873', 'Medium', NULL);
INSERT INTO public.tasks VALUES ('c86d3c7d-1216-4b06-bedb-213ffec0f3e8', 'moimoimoimoi', NULL, 'Special', '8335ce70-8d9f-47f7-b2a3-c8fd18cd0ecf', '2025-09-24', 'Pending', '2025-09-23 10:54:20.945533', '2025-09-23 10:54:20.945533', 'Medium', NULL);
INSERT INTO public.tasks VALUES ('c71af977-17fd-4b2b-9f0c-fc5713a6b4a9', 'rrrrrrDDDDD', NULL, 'Special', '8335ce70-8d9f-47f7-b2a3-c8fd18cd0ecf', '2025-09-24', 'Pending', '2025-09-23 14:08:38.494209', '2025-09-23 14:08:38.494209', 'Medium', NULL);
INSERT INTO public.tasks VALUES ('555f7f75-4b38-4445-9cf6-50b4af5d9d61', 'ALLER EQUIPE', NULL, 'Special', '8335ce70-8d9f-47f7-b2a3-c8fd18cd0ecf', '2025-09-24', 'Pending', '2025-09-23 14:25:07.935102', '2025-09-23 14:25:07.935102', 'Medium', NULL);
INSERT INTO public.tasks VALUES ('8778a444-a921-4fdc-be02-7a2b0f8d6e83', 'FFFFF', NULL, 'Daily', '49459fe7-4d26-4199-a022-7cb8d906f20f', '2025-09-24', 'Pending', '2025-09-23 14:25:43.117597', '2025-09-23 14:25:43.117597', 'Low', NULL);
INSERT INTO public.tasks VALUES ('4b12f3c3-7a8a-4432-9469-67ef2917fe7f', 'NBNBNBB', NULL, 'Daily', '49459fe7-4d26-4199-a022-7cb8d906f20f', '2025-09-24', 'Pending', '2025-09-23 14:26:28.143903', '2025-09-23 14:26:28.143903', 'Low', NULL);
INSERT INTO public.tasks VALUES ('b51ff086-97b6-46a0-a29a-3f81c34856f1', 'ALLERooooooooo', NULL, 'Special', '8335ce70-8d9f-47f7-b2a3-c8fd18cd0ecf', '2025-09-24', 'Pending', '2025-09-23 14:28:04.244959', '2025-09-23 14:28:04.244959', 'Medium', NULL);
INSERT INTO public.tasks VALUES ('bf7c1052-c60f-4add-b4b0-84f89350f6b7', 'SSSS', NULL, 'Special', '8335ce70-8d9f-47f7-b2a3-c8fd18cd0ecf', '2025-09-24', 'Pending', '2025-09-23 15:29:09.558905', '2025-09-23 15:29:09.558905', 'Medium', NULL);
INSERT INTO public.tasks VALUES ('ca7fdf9b-a967-4310-b2bd-61604c1af2d3', 'couccouuuuu', '', 'Daily', '49459fe7-4d26-4199-a022-7cb8d906f20f', '2025-09-24', 'Completed', '2025-09-24 09:41:59.752266', '2025-09-24 09:44:55.280401', 'Low', '2025-09-24 09:44:55.280401');
INSERT INTO public.tasks VALUES ('d6f69368-6c7e-4290-a680-8b407dfd3f83', 'ccffcfcfcfc', NULL, 'Special', '8335ce70-8d9f-47f7-b2a3-c8fd18cd0ecf', '2025-09-25', 'Pending', '2025-09-24 11:03:04.768393', '2025-09-24 11:03:04.768393', 'Medium', NULL);
INSERT INTO public.tasks VALUES ('e542c9b8-25d3-44b8-95de-cf511ceb2536', 'LLLLLLLLL', NULL, 'Special', '8335ce70-8d9f-47f7-b2a3-c8fd18cd0ecf', '2025-09-25', 'Pending', '2025-09-24 11:03:46.984215', '2025-09-24 11:03:46.984215', 'Medium', NULL);
INSERT INTO public.tasks VALUES ('21eaffda-f755-44e1-953b-d06dca88b18e', 'LEDER', NULL, 'Daily', '49459fe7-4d26-4199-a022-7cb8d906f20f', '2025-09-25', 'Pending', '2025-09-24 11:13:50.90217', '2025-09-24 11:13:50.90217', 'Low', NULL);


--
-- Data for Name: reports; Type: TABLE DATA; Schema: public; Owner: postgres
--

INSERT INTO public.reports VALUES ('59a1e993-d03a-445c-aa98-8282e77413c1', 'a4e479ed-3099-4abf-9dc3-8d127b6cfc01', '2ab3b987-fc12-4e33-bbfa-5fa1a17dbb13', 'tache faite avec succ├йes', 'eleve en crise d asthme', '2025-09-08 11:15:47.495132', NULL);
INSERT INTO public.reports VALUES ('765c1049-ae41-48f5-8268-0a3f1638484f', 'a4e479ed-3099-4abf-9dc3-8d127b6cfc01', '2ab3b987-fc12-4e33-bbfa-5fa1a17dbb13', 'mon rap', 'rap me urgenttttt', '2025-09-08 11:58:26.131219', NULL);
INSERT INTO public.reports VALUES ('5ec70161-5018-4ef5-a8c7-7796c4f93c89', 'a4e479ed-3099-4abf-9dc3-8d127b6cfc01', '2ab3b987-fc12-4e33-bbfa-5fa1a17dbb13', 'ok', 'vasy', '2025-09-08 12:02:44.746495', NULL);
INSERT INTO public.reports VALUES ('999e05b9-da70-4775-b492-81de9c909f1e', '38516c5b-61a0-4931-a7ac-3dd86afc679f', '2ab3b987-fc12-4e33-bbfa-5fa1a17dbb13', 'voila pdf', 'merci dieu', '2025-09-08 12:32:56.084025', 'http://localhost:3004/api/reports/999e05b9-da70-4775-b492-81de9c909f1e/pdf');
INSERT INTO public.reports VALUES ('7222276a-fd0b-4cab-93ae-bd0e4664fdba', 'f70005b3-dd87-4bd6-a6b3-5f0b7423c803', '2ab3b987-fc12-4e33-bbfa-5fa1a17dbb13', 'e', 'e', '2025-09-08 12:40:10.868558', 'http://localhost:3004/api/reports/7222276a-fd0b-4cab-93ae-bd0e4664fdba/pdf');
INSERT INTO public.reports VALUES ('42c1c891-fe25-4741-b82b-bcbf88132530', 'c81f2aa4-35e7-48c3-9aea-86a88d2bef06', '2ab3b987-fc12-4e33-bbfa-5fa1a17dbb13', 'c est fait je les ai guider aujourd''hui mais j ├йtais seul a le faire ce qui m as emp├кch├й de le faire parfaitement bien  , merci de m affecter d autre coll├иgue pour m aider a cette tache', '* les ├йlev├йs violant on frapper leurs camarades  * ├йlev├йs bl├йs├йs a cause de couteau qui est normalement interdit !!!', '2025-09-08 14:15:48.280882', 'http://localhost:3004/api/reports/42c1c891-fe25-4741-b82b-bcbf88132530/pdf');
INSERT INTO public.reports VALUES ('622bc1f7-f1d1-4734-a7df-110e25666179', '8d5f6033-ddd5-4c7f-9941-b290b03fcfff', '2ab3b987-fc12-4e33-bbfa-5fa1a17dbb13', 'ca s est pas bien pass├й vraiment', 'ma collegue m as vraiment enerv├й dans le trvail elle voulais pas faire son travail', '2025-09-10 13:02:04.365283', 'http://localhost:3004/api/reports/622bc1f7-f1d1-4734-a7df-110e25666179/pdf');


--
-- Data for Name: salaries; Type: TABLE DATA; Schema: public; Owner: postgres
--



--
-- Data for Name: salary_history; Type: TABLE DATA; Schema: public; Owner: postgres
--



--
-- Data for Name: task_assignments; Type: TABLE DATA; Schema: public; Owner: postgres
--

INSERT INTO public.task_assignments VALUES ('fef42a64-c9e5-4f7a-836d-553566ba4731', 'b40f1846-92ed-4771-a1ee-ce0d02f7a638', '49459fe7-4d26-4199-a022-7cb8d906f20f', '2025-08-28 10:07:55.749869', NULL, 'Pending');
INSERT INTO public.task_assignments VALUES ('476a547c-5985-45a5-ab0a-ee40a716f547', 'b40f1846-92ed-4771-a1ee-ce0d02f7a638', 'ec603af3-61a2-4673-a614-3284a0bfc96c', '2025-08-28 10:07:55.749869', NULL, 'Pending');
INSERT INTO public.task_assignments VALUES ('c80fa0c5-405f-4224-987c-f2597ebb9566', '209b482c-5c50-4de2-b7bd-a22f094ce628', '33e94f83-bd19-4ab2-9da5-e4452daee40a', '2025-08-28 11:34:32.298821', NULL, 'Pending');
INSERT INTO public.task_assignments VALUES ('21b9a3d0-6099-42cc-8ff1-49786a52d6b0', '209b482c-5c50-4de2-b7bd-a22f094ce628', '49459fe7-4d26-4199-a022-7cb8d906f20f', '2025-08-28 11:34:32.298821', NULL, 'Pending');
INSERT INTO public.task_assignments VALUES ('2d861b8f-011a-488c-912c-108b6f2ebfa7', 'c719b6a3-f731-4e42-9b85-02ff0f5c0b70', '2ab3b987-fc12-4e33-bbfa-5fa1a17dbb13', '2025-09-02 12:23:09.73149', '2025-09-02 14:57:17.91419', 'Completed');
INSERT INTO public.task_assignments VALUES ('7fb2c49a-866b-4c61-b145-620a26c17a63', 'b40f1846-92ed-4771-a1ee-ce0d02f7a638', '2ab3b987-fc12-4e33-bbfa-5fa1a17dbb13', '2025-08-28 10:07:55.749869', '2025-08-31 10:08:22.326923', 'Completed');
INSERT INTO public.task_assignments VALUES ('f4ec112a-632f-4bbb-96f6-0ee76cd6c1f3', 'a646f2fc-3ed9-41cb-9acf-90b401ee172d', 'ec603af3-61a2-4673-a614-3284a0bfc96c', '2025-09-02 15:01:20.669636', '2025-09-02 15:01:50.257657', 'Completed');
INSERT INTO public.task_assignments VALUES ('6333f446-17ed-40b3-aef4-411019ed640d', '9e624aa4-e386-4189-abe0-61c40a13934f', '2ab3b987-fc12-4e33-bbfa-5fa1a17dbb13', '2025-08-28 11:21:07.661317', '2025-08-31 10:29:06.90037', 'Completed');
INSERT INTO public.task_assignments VALUES ('fcd59ae2-8ac8-466d-bec1-fb0ad3a36103', '9e624aa4-e386-4189-abe0-61c40a13934f', 'ec603af3-61a2-4673-a614-3284a0bfc96c', '2025-08-28 11:21:07.661317', '2025-08-31 10:29:20.926478', 'Completed');
INSERT INTO public.task_assignments VALUES ('107c63bd-ebcc-4d1f-a3de-231664e1951f', '65816c08-cfab-4c07-a99a-c668f21b6aa4', 'ec603af3-61a2-4673-a614-3284a0bfc96c', '2025-08-31 10:30:16.516435', NULL, 'Pending');
INSERT INTO public.task_assignments VALUES ('603bd5b5-10b3-4cd3-8825-6168e08f04c2', '62e273b3-dec4-4498-a947-fb4bdc32043a', 'ec603af3-61a2-4673-a614-3284a0bfc96c', '2025-09-02 15:37:41.471245', '2025-09-02 15:38:06.447807', 'Completed');
INSERT INTO public.task_assignments VALUES ('a25a9689-f2e8-40d1-9d97-535d6945fa6f', '62e273b3-dec4-4498-a947-fb4bdc32043a', '2ab3b987-fc12-4e33-bbfa-5fa1a17dbb13', '2025-09-02 15:37:41.471245', '2025-09-02 15:38:12.460255', 'Completed');
INSERT INTO public.task_assignments VALUES ('3fdb1704-1dcc-410d-8077-6d4addb0ee1d', 'dcf0331e-26a8-4079-ad61-b09020df2d02', '2ab3b987-fc12-4e33-bbfa-5fa1a17dbb13', '2025-09-03 09:38:12.37628', NULL, 'Pending');
INSERT INTO public.task_assignments VALUES ('6efa02a2-4390-40ee-8cc1-f5128581e6b5', '65816c08-cfab-4c07-a99a-c668f21b6aa4', '2ab3b987-fc12-4e33-bbfa-5fa1a17dbb13', '2025-08-31 10:30:16.516435', '2025-08-31 10:40:05.103956', 'Completed');
INSERT INTO public.task_assignments VALUES ('87a8065e-8dbe-4407-a001-653ce8391913', '709412dc-a3ef-4709-a10d-f8593da60eeb', '2ab3b987-fc12-4e33-bbfa-5fa1a17dbb13', '2025-08-31 10:45:57.85295', '2025-08-31 11:43:35.4494', 'Completed');
INSERT INTO public.task_assignments VALUES ('8646d01a-cc9f-458d-a27b-c08eed7f07ba', '628c0d53-2520-4c96-abd8-664e138dc42f', '2ab3b987-fc12-4e33-bbfa-5fa1a17dbb13', '2025-08-31 11:03:54.129676', '2025-08-31 12:07:46.288426', 'Completed');
INSERT INTO public.task_assignments VALUES ('6879c21a-1b66-4241-a0d5-3e482fb155f3', 'b7fc498c-9c3b-4dd1-876e-874420ddb417', '2ab3b987-fc12-4e33-bbfa-5fa1a17dbb13', '2025-08-31 12:11:51.065232', '2025-08-31 12:12:08.292246', 'Completed');
INSERT INTO public.task_assignments VALUES ('2867bc0d-4052-4476-b543-3896aa19afa9', 'f67d0d66-adba-49f0-96e0-618824696ea6', '2ab3b987-fc12-4e33-bbfa-5fa1a17dbb13', '2025-08-31 13:17:31.491054', '2025-08-31 13:18:59.553551', 'Completed');
INSERT INTO public.task_assignments VALUES ('6a973936-469f-4287-9563-75b66653e530', 'f67d0d66-adba-49f0-96e0-618824696ea6', 'ec603af3-61a2-4673-a614-3284a0bfc96c', '2025-08-31 13:17:31.491054', '2025-08-31 13:19:03.667777', 'Completed');
INSERT INTO public.task_assignments VALUES ('6b96206c-6fcd-412d-b3d6-53b62c5590e6', '0489fad2-cbf0-41bf-953f-5dad6660a567', '2ab3b987-fc12-4e33-bbfa-5fa1a17dbb13', '2025-08-31 13:19:39.324657', '2025-08-31 13:19:47.4503', 'Completed');
INSERT INTO public.task_assignments VALUES ('a2a3f5f1-090e-44f7-8425-b99b687e9309', '0489fad2-cbf0-41bf-953f-5dad6660a567', 'ec603af3-61a2-4673-a614-3284a0bfc96c', '2025-08-31 13:19:39.324657', '2025-08-31 13:19:56.217408', 'Completed');
INSERT INTO public.task_assignments VALUES ('27e11c9f-1b43-4bab-aab0-fbccbee5d7d1', 'b599aa36-84a3-459a-8967-dbbb5e9cabf9', '2ab3b987-fc12-4e33-bbfa-5fa1a17dbb13', '2025-08-31 13:24:07.094986', '2025-08-31 13:24:18.033489', 'Completed');
INSERT INTO public.task_assignments VALUES ('e6d3fa26-ab1f-43bb-8e19-aa3aadf49bf3', 'b599aa36-84a3-459a-8967-dbbb5e9cabf9', 'ec603af3-61a2-4673-a614-3284a0bfc96c', '2025-08-31 13:24:07.094986', '2025-08-31 13:24:31.221425', 'Completed');
INSERT INTO public.task_assignments VALUES ('715e0d8b-a64a-43d3-aaa1-4e8ca3cdc651', 'a95884a8-21b7-4d6f-8067-de57a513c421', '2ab3b987-fc12-4e33-bbfa-5fa1a17dbb13', '2025-08-31 13:24:46.064215', '2025-08-31 13:25:20.83707', 'Completed');
INSERT INTO public.task_assignments VALUES ('ac2dedb0-1933-4f7f-9e30-e6a4713d3347', 'a95884a8-21b7-4d6f-8067-de57a513c421', 'ec603af3-61a2-4673-a614-3284a0bfc96c', '2025-08-31 13:24:46.064215', '2025-08-31 13:25:31.177055', 'Completed');
INSERT INTO public.task_assignments VALUES ('a07eabe9-047f-41de-a577-90bc61e45246', '30de13d3-1ee1-4708-b1b0-5b5a1f0bbeda', '2ab3b987-fc12-4e33-bbfa-5fa1a17dbb13', '2025-08-31 21:48:38.018698', '2025-08-31 21:48:47.883409', 'Completed');
INSERT INTO public.task_assignments VALUES ('058b0a2f-c448-427f-aa0b-b43acaa6e7c1', '30de13d3-1ee1-4708-b1b0-5b5a1f0bbeda', 'ec603af3-61a2-4673-a614-3284a0bfc96c', '2025-08-31 21:48:38.018698', '2025-08-31 22:09:40.283816', 'Completed');
INSERT INTO public.task_assignments VALUES ('3b1f1744-2de2-41c4-bcf8-5fae1b3b826e', '5c01a431-ea61-4eeb-9228-71e5be7ca50a', 'ec603af3-61a2-4673-a614-3284a0bfc96c', '2025-09-01 09:17:39.136423', NULL, 'Pending');
INSERT INTO public.task_assignments VALUES ('a0519e6e-4cac-4e5e-ac32-a88fa194bdb4', '5c01a431-ea61-4eeb-9228-71e5be7ca50a', '2ab3b987-fc12-4e33-bbfa-5fa1a17dbb13', '2025-09-01 09:17:39.136423', '2025-09-01 09:19:24.183183', 'Completed');
INSERT INTO public.task_assignments VALUES ('e08c9a1d-d466-4464-9ebc-32c48cb86543', '821cbe74-6216-4a6d-9de2-7397f42757ff', '2ab3b987-fc12-4e33-bbfa-5fa1a17dbb13', '2025-09-01 10:28:39.639168', '2025-09-01 12:04:33.095277', 'Completed');
INSERT INTO public.task_assignments VALUES ('cbecb5e9-d7b3-408a-bd85-3b4c3da85530', '747f49a1-8aac-4382-95b0-4a92c76e0ca4', '2ab3b987-fc12-4e33-bbfa-5fa1a17dbb13', '2025-09-01 15:32:20.794803', '2025-09-01 15:32:42.392599', 'Completed');
INSERT INTO public.task_assignments VALUES ('e3be4205-1327-4376-b4d7-83e5ba22e58c', 'a8a7ed8b-dabc-415b-9b34-c4835c05351b', '2ab3b987-fc12-4e33-bbfa-5fa1a17dbb13', '2025-09-01 15:33:18.844988', '2025-09-01 15:34:06.580378', 'Completed');
INSERT INTO public.task_assignments VALUES ('c786be09-cfa7-415a-a34d-1ccc52637683', 'a426835d-c9cc-4c8e-bd10-054dd30cc591', '2ab3b987-fc12-4e33-bbfa-5fa1a17dbb13', '2025-09-01 09:18:07.690935', '2025-09-01 15:50:39.438133', 'Completed');
INSERT INTO public.task_assignments VALUES ('983b20d2-d2dc-4065-a1c8-74261502d2fd', 'cc8ce00d-ba5d-4bf2-930a-9e2708f23e6d', '2ab3b987-fc12-4e33-bbfa-5fa1a17dbb13', '2025-09-03 11:05:55.826545', '2025-09-03 11:50:32.747652', 'Completed');
INSERT INTO public.task_assignments VALUES ('4713361e-80ba-4b3d-be66-8345644dac59', '14e6b47f-02ff-4edb-a54a-31963db25e9c', '2ab3b987-fc12-4e33-bbfa-5fa1a17dbb13', '2025-09-02 12:20:36.174154', NULL, 'Pending');
INSERT INTO public.task_assignments VALUES ('b2235596-7c7e-49c7-adb5-8574bcadd218', 'bbc524e1-09d3-45a7-abdf-eb333aec4be3', '33e94f83-bd19-4ab2-9da5-e4452daee40a', '2025-09-04 11:04:41.499394', NULL, 'Pending');
INSERT INTO public.task_assignments VALUES ('3ee4deaf-a80a-4cb7-8021-4ac51b125882', '354c9f6d-bd8f-49c6-81e3-12fa90bffe0d', '2ab3b987-fc12-4e33-bbfa-5fa1a17dbb13', '2025-09-03 09:56:25.911887', '2025-09-07 13:14:12.839119', 'Completed');
INSERT INTO public.task_assignments VALUES ('be10dd03-c6cd-462c-8d44-b25f25329448', 'e3914b4e-9020-46c7-9bb5-0d33e142c18a', '2ab3b987-fc12-4e33-bbfa-5fa1a17dbb13', '2025-09-03 10:24:17.491438', '2025-09-07 13:15:10.747699', 'Completed');
INSERT INTO public.task_assignments VALUES ('58d9bb03-de18-4068-9f61-56785cf7b4cf', 'd1acd702-4b3c-4267-8895-ba85e9a4a72f', '2ab3b987-fc12-4e33-bbfa-5fa1a17dbb13', '2025-09-03 09:45:43.654387', '2025-09-07 13:15:17.085775', 'Completed');
INSERT INTO public.task_assignments VALUES ('1ae90a7d-aea7-4ded-86d0-fb82bf271068', 'f70005b3-dd87-4bd6-a6b3-5f0b7423c803', '2ab3b987-fc12-4e33-bbfa-5fa1a17dbb13', '2025-09-07 14:06:11.366125', '2025-09-07 14:06:16.962311', 'Completed');
INSERT INTO public.task_assignments VALUES ('e178577d-3dc5-4503-836f-7f05f668af9d', '38516c5b-61a0-4931-a7ac-3dd86afc679f', '2ab3b987-fc12-4e33-bbfa-5fa1a17dbb13', '2025-09-08 11:04:21.176583', '2025-09-08 11:05:04.569889', 'Completed');
INSERT INTO public.task_assignments VALUES ('c7403113-b84b-4d76-b9cd-e6ff0e904b82', 'a4e479ed-3099-4abf-9dc3-8d127b6cfc01', '2ab3b987-fc12-4e33-bbfa-5fa1a17dbb13', '2025-09-08 11:08:48.763133', '2025-09-08 11:12:41.922015', 'Completed');
INSERT INTO public.task_assignments VALUES ('c3bbb764-96eb-4c9f-a706-82969bec4304', 'c81f2aa4-35e7-48c3-9aea-86a88d2bef06', '2ab3b987-fc12-4e33-bbfa-5fa1a17dbb13', '2025-09-08 14:12:55.861793', '2025-09-08 14:13:07.77289', 'Completed');
INSERT INTO public.task_assignments VALUES ('7cd04d29-1920-4471-b363-11c3ae573e2d', 'f4c67c2b-9380-4ecf-a453-67d904f5b315', '2ab3b987-fc12-4e33-bbfa-5fa1a17dbb13', '2025-09-09 14:30:41.260353', '2025-09-09 14:30:59.089665', 'Completed');
INSERT INTO public.task_assignments VALUES ('d19c2c1c-0e6b-490a-9fa3-e71f680939e7', '0e4872fa-3dcb-4f4b-91b5-4b99346e2550', 'fa322927-92b0-49b9-ae44-da1cf8e485ec', '2025-09-10 09:30:47.819698', NULL, 'Pending');
INSERT INTO public.task_assignments VALUES ('2195eb1d-9c18-468a-aec2-56a12655f500', '8d5f6033-ddd5-4c7f-9941-b290b03fcfff', '17eab49d-0e03-4c68-bfc4-69999f93c5f3', '2025-09-10 13:00:19.614376', NULL, 'Pending');
INSERT INTO public.task_assignments VALUES ('5148eac2-311c-48dc-9eae-e19560218f72', '8d5f6033-ddd5-4c7f-9941-b290b03fcfff', '2ab3b987-fc12-4e33-bbfa-5fa1a17dbb13', '2025-09-10 13:00:19.614376', '2025-09-10 13:00:27.193837', 'Completed');
INSERT INTO public.task_assignments VALUES ('7ba3c430-9945-405d-b5bf-57c94451403c', 'eff77e4c-165b-483e-86e2-75d7ba6af55a', '75ce2754-bd2f-433c-96ac-42a94fbde818', '2025-09-11 08:37:54.904229', NULL, 'Pending');
INSERT INTO public.task_assignments VALUES ('407f7f36-172a-4010-8a7e-edf21424ff66', '56f9bef2-755f-4fc5-998c-cb17af7a6521', '64285109-002c-4598-8afc-d2ac755ab026', '2025-09-11 09:19:15.616175', NULL, 'Pending');
INSERT INTO public.task_assignments VALUES ('43576d3c-7cdb-4bda-9d3c-aa6ae8e528fb', '4978a489-5e01-41fd-91fd-76d87e5e246a', '49459fe7-4d26-4199-a022-7cb8d906f20f', '2025-09-16 10:58:20.036957', NULL, 'Pending');
INSERT INTO public.task_assignments VALUES ('c896cf8c-1d1c-4fce-af43-24ababd6400e', 'aa832ffd-220b-450f-ac82-56c8106eabed', '2ab3b987-fc12-4e33-bbfa-5fa1a17dbb13', '2025-09-16 11:25:20.058343', NULL, 'Pending');
INSERT INTO public.task_assignments VALUES ('4837c61c-39b4-44aa-a6a5-8dbf974d02c8', 'aa832ffd-220b-450f-ac82-56c8106eabed', '64285109-002c-4598-8afc-d2ac755ab026', '2025-09-16 11:25:20.058343', NULL, 'Pending');
INSERT INTO public.task_assignments VALUES ('34a5a14f-4ef2-4b71-a36e-92630d2d08eb', 'aa832ffd-220b-450f-ac82-56c8106eabed', '17eab49d-0e03-4c68-bfc4-69999f93c5f3', '2025-09-16 11:25:20.058343', NULL, 'Pending');
INSERT INTO public.task_assignments VALUES ('69a94707-02f5-4a62-bbec-3bcf510f75e2', 'aa832ffd-220b-450f-ac82-56c8106eabed', 'fa322927-92b0-49b9-ae44-da1cf8e485ec', '2025-09-16 11:25:20.058343', NULL, 'Pending');
INSERT INTO public.task_assignments VALUES ('3bf25bb1-67ee-4558-a000-7299b5dc7386', '6f6e1c78-1f47-49a3-960f-6024042e574b', '49459fe7-4d26-4199-a022-7cb8d906f20f', '2025-09-16 11:44:05.924816', NULL, 'Pending');
INSERT INTO public.task_assignments VALUES ('7a46c0e3-155c-4a63-9d80-d4e51e448b25', '6f6e1c78-1f47-49a3-960f-6024042e574b', '2ab3b987-fc12-4e33-bbfa-5fa1a17dbb13', '2025-09-16 11:44:05.924816', NULL, 'Pending');
INSERT INTO public.task_assignments VALUES ('8cdec623-3ade-48e6-9d97-1f17470f6d24', '6f6e1c78-1f47-49a3-960f-6024042e574b', '64285109-002c-4598-8afc-d2ac755ab026', '2025-09-16 11:44:05.924816', NULL, 'Pending');
INSERT INTO public.task_assignments VALUES ('52943fd0-b920-4047-994e-b7d414099adc', '6f6e1c78-1f47-49a3-960f-6024042e574b', '17eab49d-0e03-4c68-bfc4-69999f93c5f3', '2025-09-16 11:44:05.924816', NULL, 'Pending');
INSERT INTO public.task_assignments VALUES ('ee2e5604-7791-465c-980d-1bfb35a705c7', '6f6e1c78-1f47-49a3-960f-6024042e574b', 'fa322927-92b0-49b9-ae44-da1cf8e485ec', '2025-09-16 11:44:05.924816', NULL, 'Pending');
INSERT INTO public.task_assignments VALUES ('7e48458d-6645-4d86-95e0-d8b7f16f3d84', '6f8e4c96-1776-4428-944b-28ef27a04daf', '49459fe7-4d26-4199-a022-7cb8d906f20f', '2025-09-16 11:47:00.847949', NULL, 'Pending');
INSERT INTO public.task_assignments VALUES ('3fa595d8-413d-49f3-9734-52df77bf5a45', '1bfa73cc-490f-411d-812a-ec2d2f79aeb1', '2ab3b987-fc12-4e33-bbfa-5fa1a17dbb13', '2025-09-01 15:50:56.858778', '2025-09-16 11:50:26.689992', 'Completed');
INSERT INTO public.task_assignments VALUES ('8352066e-204e-4ff5-a197-c50db1ea7a01', '3c212d9f-b6ca-46f7-8eeb-250fc9af9484', '49459fe7-4d26-4199-a022-7cb8d906f20f', '2025-09-16 14:08:38.386458', NULL, 'Pending');
INSERT INTO public.task_assignments VALUES ('bb7b7742-b7db-48e9-aa98-7d5ec3e76e48', '3c212d9f-b6ca-46f7-8eeb-250fc9af9484', '30f3cf89-bfe7-433b-9d6a-e54c314913c5', '2025-09-16 14:08:38.386458', NULL, 'Pending');
INSERT INTO public.task_assignments VALUES ('151b631f-2321-4b27-b4b5-b53df43be26e', '28d1256b-dfeb-417d-8210-fb9243d20c81', '2ab3b987-fc12-4e33-bbfa-5fa1a17dbb13', '2025-09-16 14:10:27.908468', '2025-09-16 15:02:06.188829', 'Completed');
INSERT INTO public.task_assignments VALUES ('06e93f76-6841-4f72-8704-069eb974f93f', 'f8e1ef1e-38b2-482e-befc-ff8df1699e56', '2ab3b987-fc12-4e33-bbfa-5fa1a17dbb13', '2025-09-16 15:15:50.177359', NULL, 'Pending');
INSERT INTO public.task_assignments VALUES ('f6f87d96-69b0-4fe9-8c74-8878332bfad5', 'f8e1ef1e-38b2-482e-befc-ff8df1699e56', '49459fe7-4d26-4199-a022-7cb8d906f20f', '2025-09-16 15:15:50.177359', '2025-09-16 15:16:06.535329', 'Completed');
INSERT INTO public.task_assignments VALUES ('304929da-8a74-4c26-a2cc-0f4aab204c00', 'bc546d87-f1fe-4590-97b6-e34fe5f8b8ff', '2ab3b987-fc12-4e33-bbfa-5fa1a17dbb13', '2025-09-17 14:26:04.209857', '2025-09-17 14:27:14.616021', 'Completed');
INSERT INTO public.task_assignments VALUES ('8a0487ac-3cfb-437e-8f9b-0842c4daff6a', 'bc546d87-f1fe-4590-97b6-e34fe5f8b8ff', '49459fe7-4d26-4199-a022-7cb8d906f20f', '2025-09-17 14:26:04.209857', '2025-09-17 14:27:29.855838', 'Completed');
INSERT INTO public.task_assignments VALUES ('fe9eff01-5c2d-4eff-8178-699a1b4258fe', 'bc546d87-f1fe-4590-97b6-e34fe5f8b8ff', '30f3cf89-bfe7-433b-9d6a-e54c314913c5', '2025-09-17 14:26:04.209857', '2025-09-17 14:27:55.4548', 'Completed');
INSERT INTO public.task_assignments VALUES ('015915f1-0f12-452a-8a66-a70bfebbc49a', '2eca569a-7588-4f78-a058-78320c80829f', '75ce2754-bd2f-433c-96ac-42a94fbde818', '2025-09-17 14:28:57.721593', NULL, 'Pending');
INSERT INTO public.task_assignments VALUES ('87a745fa-2e6e-42d8-8a2b-e9101da3b38f', '2eca569a-7588-4f78-a058-78320c80829f', 'e53978dd-3afe-4ad2-b06e-7ad01de42f81', '2025-09-17 14:28:57.721593', NULL, 'Pending');
INSERT INTO public.task_assignments VALUES ('950c4c40-e3ff-411e-bdaa-9f74eb06513f', '516384f6-59f1-4b9f-95f1-46885b8585fa', '2ab3b987-fc12-4e33-bbfa-5fa1a17dbb13', '2025-09-17 14:40:08.727328', NULL, 'Pending');
INSERT INTO public.task_assignments VALUES ('b5a48d63-d90a-4330-ab04-31ec725b44a1', '80416885-9154-4b07-8c73-76018de9e541', '2ab3b987-fc12-4e33-bbfa-5fa1a17dbb13', '2025-09-17 15:19:45.750551', NULL, 'Pending');
INSERT INTO public.task_assignments VALUES ('c5334e85-fcee-4c86-a2fb-507c552bca5b', '8309f7a8-d10c-45dd-a0da-d5ffeae2658f', '2ab3b987-fc12-4e33-bbfa-5fa1a17dbb13', '2025-09-18 10:23:39.570428', NULL, 'Pending');
INSERT INTO public.task_assignments VALUES ('6fa6c768-27fa-4aad-8cf2-18e414794210', 'ae58b914-9ed9-4233-b4a5-3790a0881c8e', '2ab3b987-fc12-4e33-bbfa-5fa1a17dbb13', '2025-09-18 10:24:49.275054', NULL, 'Pending');
INSERT INTO public.task_assignments VALUES ('04645092-0431-490a-8e28-901a48f1ae48', '902df144-ccba-42d7-ac9b-9bf8d7d06a9a', '2ab3b987-fc12-4e33-bbfa-5fa1a17dbb13', '2025-09-18 10:27:43.454931', NULL, 'Pending');
INSERT INTO public.task_assignments VALUES ('cec92280-ee34-48a5-9aa0-772563c93b80', 'ea5f05be-dbda-452f-a9d1-11f37d40c3ad', '2ab3b987-fc12-4e33-bbfa-5fa1a17dbb13', '2025-09-18 10:32:02.611571', '2025-09-18 10:32:57.908946', 'Completed');
INSERT INTO public.task_assignments VALUES ('6037f4b8-e6b4-4ebf-9e8d-d6af8f0acce1', 'e29cb63e-fece-4719-b168-bdb2d42a5627', '2ab3b987-fc12-4e33-bbfa-5fa1a17dbb13', '2025-09-18 10:35:12.726532', NULL, 'Pending');
INSERT INTO public.task_assignments VALUES ('88a7a420-ce18-4b5b-931c-a600c49b9ee4', '279ad485-6469-4f89-bd97-39cf69c7f92c', '2ab3b987-fc12-4e33-bbfa-5fa1a17dbb13', '2025-09-18 10:39:54.429322', NULL, 'Pending');
INSERT INTO public.task_assignments VALUES ('f9c2259c-33ea-43e5-887c-f14dd1d4c834', '53516789-a47b-4f1d-8a9d-896076f89085', '2ab3b987-fc12-4e33-bbfa-5fa1a17dbb13', '2025-09-18 10:43:48.954048', NULL, 'Pending');
INSERT INTO public.task_assignments VALUES ('53c66bab-7e32-4597-afbc-590b5ec314e4', '505db992-2546-4a3e-9805-5afc56176c32', '2ab3b987-fc12-4e33-bbfa-5fa1a17dbb13', '2025-09-18 13:03:56.456062', NULL, 'Pending');
INSERT INTO public.task_assignments VALUES ('e67332da-01f2-41ae-8dc7-1027219a0394', '23bf23c0-c068-4332-902e-ce72ffca7f55', '2ab3b987-fc12-4e33-bbfa-5fa1a17dbb13', '2025-09-18 13:21:54.970413', NULL, 'Pending');
INSERT INTO public.task_assignments VALUES ('bfd68308-fa83-4ffb-8986-4718086d23ca', 'da731849-6fab-4077-8544-a8d98c9cf7a8', '2ab3b987-fc12-4e33-bbfa-5fa1a17dbb13', '2025-09-18 13:30:22.20238', NULL, 'Pending');
INSERT INTO public.task_assignments VALUES ('881020f6-556a-4958-92c0-21a942e0b1ca', '81cae612-0528-4345-a2e2-d91ed44192c4', '2ab3b987-fc12-4e33-bbfa-5fa1a17dbb13', '2025-09-18 14:04:18.814391', NULL, 'Pending');
INSERT INTO public.task_assignments VALUES ('3902019c-9e1c-4984-ad54-9f1677800c3a', '7e45f224-ad1b-425b-a1be-eccabdc5bf32', '2ab3b987-fc12-4e33-bbfa-5fa1a17dbb13', '2025-09-18 14:12:56.819086', NULL, 'Pending');
INSERT INTO public.task_assignments VALUES ('2972a8df-cacf-406d-ba5c-477c049049fd', '523da3a4-89fb-433f-bdc2-92d6c8b1f2e0', '2ab3b987-fc12-4e33-bbfa-5fa1a17dbb13', '2025-09-18 14:19:41.066622', NULL, 'Pending');
INSERT INTO public.task_assignments VALUES ('82a8e578-730d-4ef5-9efd-fec2e481a4cb', 'a8532006-9606-4502-b6d6-645088b4b47a', '2ab3b987-fc12-4e33-bbfa-5fa1a17dbb13', '2025-09-18 14:23:14.152799', NULL, 'Pending');
INSERT INTO public.task_assignments VALUES ('1eaac1bd-bee8-4d05-b42d-ba1537058608', 'c975fb1a-bf20-4a26-a0a6-1015ca7547da', '2ab3b987-fc12-4e33-bbfa-5fa1a17dbb13', '2025-09-18 14:41:40.422183', NULL, 'Pending');
INSERT INTO public.task_assignments VALUES ('29eb9b6f-5ae9-4bda-a1de-e750e33d5d59', '1a3a6c6d-6664-47be-8da1-f497d3a756dd', '2ab3b987-fc12-4e33-bbfa-5fa1a17dbb13', '2025-09-18 14:52:19.391355', NULL, 'Pending');
INSERT INTO public.task_assignments VALUES ('b1e8ab09-66d4-42ae-b171-a8ce131948d6', '9ccf10f5-c551-44c1-823c-f2f60dec7074', '2ab3b987-fc12-4e33-bbfa-5fa1a17dbb13', '2025-09-18 15:06:59.681926', NULL, 'Pending');
INSERT INTO public.task_assignments VALUES ('3a040e15-af70-4336-a038-d59da2dd8709', '8459e9b8-156e-4728-97e1-7bfd7ee876c3', '2ab3b987-fc12-4e33-bbfa-5fa1a17dbb13', '2025-09-18 15:10:30.738593', NULL, 'Pending');
INSERT INTO public.task_assignments VALUES ('0e729ed6-b719-4f72-8435-2534e666b609', 'da630d45-514d-4c82-93ce-8df80a905020', '2ab3b987-fc12-4e33-bbfa-5fa1a17dbb13', '2025-09-18 15:15:22.226915', NULL, 'Pending');
INSERT INTO public.task_assignments VALUES ('b708ba3c-b9c1-4bdb-8bba-4f5e8dfe878d', 'a7b0c5f8-5ceb-4100-a4ee-516500ec2a13', '2ab3b987-fc12-4e33-bbfa-5fa1a17dbb13', '2025-09-18 15:18:15.224756', NULL, 'Pending');
INSERT INTO public.task_assignments VALUES ('6221573a-f568-41bc-aba7-3a5ce4af0692', 'fb8cbf69-a469-4e54-9a71-02423d3a5525', '2ab3b987-fc12-4e33-bbfa-5fa1a17dbb13', '2025-09-18 15:18:39.563846', NULL, 'Pending');
INSERT INTO public.task_assignments VALUES ('b9bd3230-d20e-4e26-8567-0a39466e5b27', 'b3fdc8cf-0cc0-4244-9848-9200cf620a33', '2ab3b987-fc12-4e33-bbfa-5fa1a17dbb13', '2025-09-18 15:19:12.234412', NULL, 'Pending');
INSERT INTO public.task_assignments VALUES ('4ff37ac9-80e6-4c4a-8a6c-b9c702226fa2', '1b5f6050-c924-4ea9-b613-12bd7f662e99', '2ab3b987-fc12-4e33-bbfa-5fa1a17dbb13', '2025-09-18 15:19:44.384176', NULL, 'Pending');
INSERT INTO public.task_assignments VALUES ('0f0ba13b-e1bb-4b55-b42a-524e2283cc12', '9af64b2e-d4b2-4aea-a322-64a70a315bb1', '2ab3b987-fc12-4e33-bbfa-5fa1a17dbb13', '2025-09-18 15:19:55.722331', NULL, 'Pending');
INSERT INTO public.task_assignments VALUES ('63165e34-6c80-4be5-bfb9-a3b934fba7ec', '91aa1144-f535-421c-bcdd-c223f3ebe648', '49459fe7-4d26-4199-a022-7cb8d906f20f', '2025-09-18 15:27:56.066065', NULL, 'Pending');
INSERT INTO public.task_assignments VALUES ('f40d03af-98b9-49df-9ada-e239d59e2fd8', '91aa1144-f535-421c-bcdd-c223f3ebe648', '2ab3b987-fc12-4e33-bbfa-5fa1a17dbb13', '2025-09-18 15:27:56.066065', NULL, 'Pending');
INSERT INTO public.task_assignments VALUES ('a4558604-593c-4a9c-9b4c-7e788f2666e8', 'e0f31d80-be5e-4a03-999b-22bc292dae7b', '2ab3b987-fc12-4e33-bbfa-5fa1a17dbb13', '2025-09-18 15:32:00.364004', NULL, 'Pending');
INSERT INTO public.task_assignments VALUES ('0740f948-41c2-4b80-9af0-517cc88aecd4', '6a6acb7e-7bc4-4bef-b68f-3a57ec6dbb22', '2ab3b987-fc12-4e33-bbfa-5fa1a17dbb13', '2025-09-18 15:34:16.754317', NULL, 'Pending');
INSERT INTO public.task_assignments VALUES ('654e2ddd-f816-4433-89e6-8d04d025b4b4', 'bf260743-8860-4101-8e88-7d239d8fd26e', '2ab3b987-fc12-4e33-bbfa-5fa1a17dbb13', '2025-09-18 15:35:52.748369', NULL, 'Pending');
INSERT INTO public.task_assignments VALUES ('8cdde139-1a4a-4bc7-a863-4749d7138246', 'f61f9c78-47d8-46a3-bf3d-d758fdc32539', '2ab3b987-fc12-4e33-bbfa-5fa1a17dbb13', '2025-09-18 15:41:46.167161', NULL, 'Pending');
INSERT INTO public.task_assignments VALUES ('4b4b7138-de70-4cd5-b728-4344c808390f', 'f61f9c78-47d8-46a3-bf3d-d758fdc32539', '64285109-002c-4598-8afc-d2ac755ab026', '2025-09-18 15:41:46.167161', NULL, 'Pending');
INSERT INTO public.task_assignments VALUES ('91dcb12e-6754-46de-a2c5-dd29ba3642f1', 'f61f9c78-47d8-46a3-bf3d-d758fdc32539', '17eab49d-0e03-4c68-bfc4-69999f93c5f3', '2025-09-18 15:41:46.167161', NULL, 'Pending');
INSERT INTO public.task_assignments VALUES ('87814526-c4d0-4f30-8c38-c80ed701b318', 'f61f9c78-47d8-46a3-bf3d-d758fdc32539', 'fa322927-92b0-49b9-ae44-da1cf8e485ec', '2025-09-18 15:41:46.167161', NULL, 'Pending');
INSERT INTO public.task_assignments VALUES ('3cc29a4f-15db-4525-a7df-18d0b069a545', '96cb4e2e-ac79-4189-a431-4364f75b922e', '49459fe7-4d26-4199-a022-7cb8d906f20f', '2025-09-18 15:43:25.383156', NULL, 'Pending');
INSERT INTO public.task_assignments VALUES ('1c461d8d-9f9d-485a-9e14-49551b5af62c', '96cb4e2e-ac79-4189-a431-4364f75b922e', '2ab3b987-fc12-4e33-bbfa-5fa1a17dbb13', '2025-09-18 15:43:25.383156', NULL, 'Pending');
INSERT INTO public.task_assignments VALUES ('0ded5a82-1a07-404b-bc1f-d64e48f36e71', 'b33c5ad2-1354-4c38-b5b1-29dc4f1c955d', '49459fe7-4d26-4199-a022-7cb8d906f20f', '2025-09-18 15:44:15.011596', NULL, 'Pending');
INSERT INTO public.task_assignments VALUES ('a8505d2a-44e1-4628-b9d6-43b6544a7fc0', 'a8362298-a644-45c9-aee1-23b9ed333256', '2ab3b987-fc12-4e33-bbfa-5fa1a17dbb13', '2025-09-18 15:44:51.155931', NULL, 'Pending');
INSERT INTO public.task_assignments VALUES ('061d2a95-1514-444c-90e6-350f0b40123b', 'a8362298-a644-45c9-aee1-23b9ed333256', '64285109-002c-4598-8afc-d2ac755ab026', '2025-09-18 15:44:51.155931', NULL, 'Pending');
INSERT INTO public.task_assignments VALUES ('1fdadfd5-8448-44a0-9a03-8e1899d64e31', 'a8362298-a644-45c9-aee1-23b9ed333256', '17eab49d-0e03-4c68-bfc4-69999f93c5f3', '2025-09-18 15:44:51.155931', NULL, 'Pending');
INSERT INTO public.task_assignments VALUES ('a3ef7015-c178-41d6-8134-c038f58107db', 'a8362298-a644-45c9-aee1-23b9ed333256', 'fa322927-92b0-49b9-ae44-da1cf8e485ec', '2025-09-18 15:44:51.155931', NULL, 'Pending');
INSERT INTO public.task_assignments VALUES ('4b42a678-957b-4c3f-9626-cde9ec3d8b3b', 'cec90a62-72e3-42cd-ae32-4406a3335cd1', '49459fe7-4d26-4199-a022-7cb8d906f20f', '2025-09-18 15:52:10.574515', NULL, 'Pending');
INSERT INTO public.task_assignments VALUES ('1a3d0b41-30e6-4652-92ed-d8673f3ff4a3', 'cec90a62-72e3-42cd-ae32-4406a3335cd1', '2ab3b987-fc12-4e33-bbfa-5fa1a17dbb13', '2025-09-18 15:52:10.574515', NULL, 'Pending');
INSERT INTO public.task_assignments VALUES ('19ec988c-0c39-46e6-b7a8-1e44a28d8b96', 'c9b508e5-917c-4089-b3a0-e02204fec1e5', '49459fe7-4d26-4199-a022-7cb8d906f20f', '2025-09-18 15:52:25.984669', NULL, 'Pending');
INSERT INTO public.task_assignments VALUES ('199f2430-c56f-4282-bc19-58886352e908', '9e173855-8d4a-4174-9f03-eee93580622a', '49459fe7-4d26-4199-a022-7cb8d906f20f', '2025-09-18 15:57:15.27805', NULL, 'Pending');
INSERT INTO public.task_assignments VALUES ('354c92c0-33e2-4db3-a3d0-63a00de182bc', '9e173855-8d4a-4174-9f03-eee93580622a', '2ab3b987-fc12-4e33-bbfa-5fa1a17dbb13', '2025-09-18 15:57:15.27805', NULL, 'Pending');
INSERT INTO public.task_assignments VALUES ('1fdc742f-6042-4fb1-b216-f81ea6cbc2d3', '3b50b3cf-594a-4c7d-8671-8c12f376b374', '2ab3b987-fc12-4e33-bbfa-5fa1a17dbb13', '2025-09-18 19:41:22.600199', NULL, 'Pending');
INSERT INTO public.task_assignments VALUES ('160c2f4c-378d-4460-a9d3-bf0e79d75e6b', '3b50b3cf-594a-4c7d-8671-8c12f376b374', '64285109-002c-4598-8afc-d2ac755ab026', '2025-09-18 19:41:22.600199', NULL, 'Pending');
INSERT INTO public.task_assignments VALUES ('d52babba-2cf3-4aac-9184-99f34d3ca7b9', '3b50b3cf-594a-4c7d-8671-8c12f376b374', '17eab49d-0e03-4c68-bfc4-69999f93c5f3', '2025-09-18 19:41:22.600199', NULL, 'Pending');
INSERT INTO public.task_assignments VALUES ('1afc1dca-b5e2-40c6-b330-0ebd18bfb413', '3b50b3cf-594a-4c7d-8671-8c12f376b374', 'fa322927-92b0-49b9-ae44-da1cf8e485ec', '2025-09-18 19:41:22.600199', NULL, 'Pending');
INSERT INTO public.task_assignments VALUES ('b3ceef11-a54f-4876-9908-7e0763d60418', '576bdec3-8eaa-4a1c-ad92-34fb0278d66d', '2ab3b987-fc12-4e33-bbfa-5fa1a17dbb13', '2025-09-18 19:42:02.59674', NULL, 'Pending');
INSERT INTO public.task_assignments VALUES ('e8bf9360-6d8a-4154-af9b-7d93f020f7ac', '576bdec3-8eaa-4a1c-ad92-34fb0278d66d', '64285109-002c-4598-8afc-d2ac755ab026', '2025-09-18 19:42:02.59674', NULL, 'Pending');
INSERT INTO public.task_assignments VALUES ('201b2b2a-6072-47c9-9395-e6aa2ecbf353', '576bdec3-8eaa-4a1c-ad92-34fb0278d66d', '17eab49d-0e03-4c68-bfc4-69999f93c5f3', '2025-09-18 19:42:02.59674', NULL, 'Pending');
INSERT INTO public.task_assignments VALUES ('086a0725-a334-423d-8a0a-e48b5de2df67', '576bdec3-8eaa-4a1c-ad92-34fb0278d66d', 'fa322927-92b0-49b9-ae44-da1cf8e485ec', '2025-09-18 19:42:02.59674', NULL, 'Pending');
INSERT INTO public.task_assignments VALUES ('aaeec5c6-5a40-4582-a22f-5ab5efe4f358', 'b2461e65-7671-4d34-8f3d-0704af234589', '2ab3b987-fc12-4e33-bbfa-5fa1a17dbb13', '2025-09-18 19:42:39.42563', '2025-09-18 19:42:56.691815', 'Completed');
INSERT INTO public.task_assignments VALUES ('c528697f-3a08-4df6-93fe-52ab8798eb32', '9750fc58-241a-43ca-a798-68e818857466', '2ab3b987-fc12-4e33-bbfa-5fa1a17dbb13', '2025-09-18 20:00:32.314419', NULL, 'Pending');
INSERT INTO public.task_assignments VALUES ('629ea05d-3e37-4e35-8e37-0af1e7f6367f', '9750fc58-241a-43ca-a798-68e818857466', '64285109-002c-4598-8afc-d2ac755ab026', '2025-09-18 20:00:32.314419', NULL, 'Pending');
INSERT INTO public.task_assignments VALUES ('0112d531-db4a-4e6d-a78e-b40dd11115c4', '9750fc58-241a-43ca-a798-68e818857466', '17eab49d-0e03-4c68-bfc4-69999f93c5f3', '2025-09-18 20:00:32.314419', NULL, 'Pending');
INSERT INTO public.task_assignments VALUES ('1a60bae7-35ef-4a45-b0f6-d1d316c59ce0', '9750fc58-241a-43ca-a798-68e818857466', 'fa322927-92b0-49b9-ae44-da1cf8e485ec', '2025-09-18 20:00:32.314419', NULL, 'Pending');
INSERT INTO public.task_assignments VALUES ('5e1e3658-1767-4a90-a11b-d82b92ff18f0', 'cf74ac8c-a9bf-48d5-986a-894611408e50', '49459fe7-4d26-4199-a022-7cb8d906f20f', '2025-09-18 20:02:35.022821', NULL, 'Pending');
INSERT INTO public.task_assignments VALUES ('ac331763-e24d-4ff7-923c-9011dc30e19e', 'cf74ac8c-a9bf-48d5-986a-894611408e50', '2ab3b987-fc12-4e33-bbfa-5fa1a17dbb13', '2025-09-18 20:02:35.022821', NULL, 'Pending');
INSERT INTO public.task_assignments VALUES ('6c4eb1ae-6d25-4b3f-a47e-580fc83a4176', '6083e890-f258-4a41-bac5-b1e316ab6c91', '2ab3b987-fc12-4e33-bbfa-5fa1a17dbb13', '2025-09-18 20:07:40.739881', NULL, 'Pending');
INSERT INTO public.task_assignments VALUES ('45aebffd-2148-4520-ba8c-fd7a9a9d03ad', '6083e890-f258-4a41-bac5-b1e316ab6c91', '64285109-002c-4598-8afc-d2ac755ab026', '2025-09-18 20:07:40.739881', NULL, 'Pending');
INSERT INTO public.task_assignments VALUES ('9165f9d0-5956-4ac6-85c2-0cf3095956e5', '6083e890-f258-4a41-bac5-b1e316ab6c91', '17eab49d-0e03-4c68-bfc4-69999f93c5f3', '2025-09-18 20:07:40.739881', NULL, 'Pending');
INSERT INTO public.task_assignments VALUES ('a03bea81-6a0e-436b-90fe-7cfff5bd99bc', '6083e890-f258-4a41-bac5-b1e316ab6c91', 'fa322927-92b0-49b9-ae44-da1cf8e485ec', '2025-09-18 20:07:40.739881', NULL, 'Pending');
INSERT INTO public.task_assignments VALUES ('0ba16744-0df6-4bf6-b7b5-2c81c4424ed9', '72b6117e-674b-4f53-96a6-d3918f018a3a', '49459fe7-4d26-4199-a022-7cb8d906f20f', '2025-09-18 20:08:28.44735', NULL, 'Pending');
INSERT INTO public.task_assignments VALUES ('cb3305aa-506f-42a4-a8be-b931e5534bd1', '72b6117e-674b-4f53-96a6-d3918f018a3a', '2ab3b987-fc12-4e33-bbfa-5fa1a17dbb13', '2025-09-18 20:08:28.44735', NULL, 'Pending');
INSERT INTO public.task_assignments VALUES ('e63ea305-edef-4ecf-93fc-fb4ac95a4a1b', '571d7861-b66d-48fa-be87-f2eebb775c36', '2ab3b987-fc12-4e33-bbfa-5fa1a17dbb13', '2025-09-18 20:09:18.735885', NULL, 'Pending');
INSERT INTO public.task_assignments VALUES ('1fe46353-4d13-490c-9ead-db4f0698e9d2', '2a57a4dd-744a-4427-aa2f-5d0e7210d329', '2ab3b987-fc12-4e33-bbfa-5fa1a17dbb13', '2025-09-18 20:17:51.918397', NULL, 'Pending');
INSERT INTO public.task_assignments VALUES ('1cd60e5e-9650-4341-a8f5-ab2a4c899a07', '2a57a4dd-744a-4427-aa2f-5d0e7210d329', '64285109-002c-4598-8afc-d2ac755ab026', '2025-09-18 20:17:51.918397', NULL, 'Pending');
INSERT INTO public.task_assignments VALUES ('372c66f1-fc66-4e58-b04b-0ad8e02a33fa', '2a57a4dd-744a-4427-aa2f-5d0e7210d329', '17eab49d-0e03-4c68-bfc4-69999f93c5f3', '2025-09-18 20:17:51.918397', NULL, 'Pending');
INSERT INTO public.task_assignments VALUES ('f6800c04-8f04-4a02-98a1-e64ff34b4db7', '2a57a4dd-744a-4427-aa2f-5d0e7210d329', 'fa322927-92b0-49b9-ae44-da1cf8e485ec', '2025-09-18 20:17:51.918397', NULL, 'Pending');
INSERT INTO public.task_assignments VALUES ('65078b9b-5833-42b8-b7d7-1278cf98d13d', 'a10d908b-029a-48a0-9c0b-f75f435a053b', '49459fe7-4d26-4199-a022-7cb8d906f20f', '2025-09-18 20:18:20.588008', NULL, 'Pending');
INSERT INTO public.task_assignments VALUES ('377445b6-570f-44d9-ba02-0bc33317d506', 'a10d908b-029a-48a0-9c0b-f75f435a053b', '2ab3b987-fc12-4e33-bbfa-5fa1a17dbb13', '2025-09-18 20:18:20.588008', NULL, 'Pending');
INSERT INTO public.task_assignments VALUES ('919bea60-99e5-43f7-9b15-58892b3a3910', 'af2db4d1-a7e0-4283-915c-3f408e8bd8ff', '49459fe7-4d26-4199-a022-7cb8d906f20f', '2025-09-18 20:22:04.512774', NULL, 'Pending');
INSERT INTO public.task_assignments VALUES ('47048a8a-635d-4ba1-9144-616680498dbb', '11ee8c27-2eb8-4bdc-8eff-e1decadc63f0', '49459fe7-4d26-4199-a022-7cb8d906f20f', '2025-09-18 20:25:43.034701', NULL, 'Pending');
INSERT INTO public.task_assignments VALUES ('45fb6a15-7a37-435a-b9be-dfdda2c529ea', '11ee8c27-2eb8-4bdc-8eff-e1decadc63f0', '2ab3b987-fc12-4e33-bbfa-5fa1a17dbb13', '2025-09-18 20:25:43.034701', NULL, 'Pending');
INSERT INTO public.task_assignments VALUES ('5d5e8bb8-f0f8-45da-89f2-3207f70c7c5f', 'c30ff347-c0a2-4e5a-881c-7f2cb3e62587', '49459fe7-4d26-4199-a022-7cb8d906f20f', '2025-09-18 20:33:07.130008', NULL, 'Pending');
INSERT INTO public.task_assignments VALUES ('d956b5b2-0855-4fc1-a5c2-fcc2ac20ad42', 'c30ff347-c0a2-4e5a-881c-7f2cb3e62587', '2ab3b987-fc12-4e33-bbfa-5fa1a17dbb13', '2025-09-18 20:33:07.130008', NULL, 'Pending');
INSERT INTO public.task_assignments VALUES ('bd2120e4-7f61-465b-90b3-fe75a291066a', 'e33d2dd2-f1c7-46ee-8c7f-5fbb2f0517e3', '49459fe7-4d26-4199-a022-7cb8d906f20f', '2025-09-18 20:39:45.712557', NULL, 'Pending');
INSERT INTO public.task_assignments VALUES ('bc04f5bc-faa9-4fc8-a859-81aa5e459ecf', 'e33d2dd2-f1c7-46ee-8c7f-5fbb2f0517e3', '2ab3b987-fc12-4e33-bbfa-5fa1a17dbb13', '2025-09-18 20:39:45.712557', NULL, 'Pending');
INSERT INTO public.task_assignments VALUES ('b22579ce-7da2-490c-9cc1-735bc74202c1', '088e5466-1005-4a27-afe8-6b2524ff9d66', '49459fe7-4d26-4199-a022-7cb8d906f20f', '2025-09-18 20:39:45.972415', NULL, 'Pending');
INSERT INTO public.task_assignments VALUES ('8cb3da47-e2ba-4d7f-85db-d7e2f7fc2a77', '088e5466-1005-4a27-afe8-6b2524ff9d66', '2ab3b987-fc12-4e33-bbfa-5fa1a17dbb13', '2025-09-18 20:39:45.972415', NULL, 'Pending');
INSERT INTO public.task_assignments VALUES ('ffb7fd4b-797e-483a-8701-8afb9f95b1f9', '1e219d65-964e-44b7-9c83-7390da7d8367', '49459fe7-4d26-4199-a022-7cb8d906f20f', '2025-09-18 20:45:33.341574', NULL, 'Pending');
INSERT INTO public.task_assignments VALUES ('01fda6ad-e9a6-46b0-a591-d213e5315f3f', '1e219d65-964e-44b7-9c83-7390da7d8367', '2ab3b987-fc12-4e33-bbfa-5fa1a17dbb13', '2025-09-18 20:45:33.341574', NULL, 'Pending');
INSERT INTO public.task_assignments VALUES ('a8a83633-79d8-48d8-8958-8d31fe798153', 'cb3b8e2d-f5a4-471e-b31a-fc00f75721e6', '49459fe7-4d26-4199-a022-7cb8d906f20f', '2025-09-18 20:50:38.13457', NULL, 'Pending');
INSERT INTO public.task_assignments VALUES ('ac665758-a40e-4f7a-94b0-2707a819bf70', 'cb3b8e2d-f5a4-471e-b31a-fc00f75721e6', '2ab3b987-fc12-4e33-bbfa-5fa1a17dbb13', '2025-09-18 20:50:38.13457', NULL, 'Pending');
INSERT INTO public.task_assignments VALUES ('38185293-481a-4a0b-a806-7a58c846ad82', '20081986-4d1d-4356-ad95-196de2347cc2', '49459fe7-4d26-4199-a022-7cb8d906f20f', '2025-09-18 21:18:17.42242', NULL, 'Pending');
INSERT INTO public.task_assignments VALUES ('ded128c1-da0d-4616-83eb-b1f080755343', '20081986-4d1d-4356-ad95-196de2347cc2', '2ab3b987-fc12-4e33-bbfa-5fa1a17dbb13', '2025-09-18 21:18:17.42242', NULL, 'Pending');
INSERT INTO public.task_assignments VALUES ('d71f43ba-0052-43e3-8c1b-7605da9c8a0f', '3083d1f0-c564-4cf8-b2ec-a38403636881', '2ab3b987-fc12-4e33-bbfa-5fa1a17dbb13', '2025-09-18 22:25:36.439605', NULL, 'Pending');
INSERT INTO public.task_assignments VALUES ('abe8325a-b6a1-40f3-a077-a22bc8db3d3f', '3083d1f0-c564-4cf8-b2ec-a38403636881', '49459fe7-4d26-4199-a022-7cb8d906f20f', '2025-09-18 22:25:36.439605', '2025-09-21 08:32:16.622813', 'Completed');
INSERT INTO public.task_assignments VALUES ('b690c1e2-757f-4521-b8f0-e76f5f0cc0ba', 'e807e9f6-bd04-4c2b-bd02-0d13e534d562', '2ab3b987-fc12-4e33-bbfa-5fa1a17dbb13', '2025-09-21 08:31:37.32432', '2025-09-21 08:32:56.127714', 'Completed');
INSERT INTO public.task_assignments VALUES ('5b668af3-b201-447a-a292-befcff838712', '69c9a9c7-3954-4dba-aa25-ad892448ae37', '2ab3b987-fc12-4e33-bbfa-5fa1a17dbb13', '2025-09-21 08:39:52.525867', '2025-09-21 08:40:05.632971', 'Completed');
INSERT INTO public.task_assignments VALUES ('c46a2a03-ca77-4cc2-96a2-d41b7a2227cc', 'e638a65f-d2aa-410f-8719-955ad3e2fe85', '49459fe7-4d26-4199-a022-7cb8d906f20f', '2025-09-22 09:06:48.583309', NULL, 'Pending');
INSERT INTO public.task_assignments VALUES ('8caf710f-3468-4f4a-b6b0-6b8db0c990b0', 'e638a65f-d2aa-410f-8719-955ad3e2fe85', '2ab3b987-fc12-4e33-bbfa-5fa1a17dbb13', '2025-09-22 09:06:48.583309', NULL, 'Pending');
INSERT INTO public.task_assignments VALUES ('a334f778-f7d9-4f0b-aa32-83b6affa5d0c', '6a4db8e9-5efd-492d-a3cb-31f9bc6c5e59', '49459fe7-4d26-4199-a022-7cb8d906f20f', '2025-09-22 11:02:58.182599', '2025-09-22 11:03:51.510511', 'Completed');
INSERT INTO public.task_assignments VALUES ('277ae969-2da2-4595-8d76-e0ec357f3b7d', 'ff5cfeec-b057-48c2-8d7c-de0d4357f003', '49459fe7-4d26-4199-a022-7cb8d906f20f', '2025-09-22 11:37:48.667112', NULL, 'Pending');
INSERT INTO public.task_assignments VALUES ('4a5cd52b-48e7-4267-a149-ca0d5eacaa92', '6dd31b54-7bdf-409d-9408-bfbb47beb78a', '49459fe7-4d26-4199-a022-7cb8d906f20f', '2025-09-22 16:03:00.184625', NULL, 'Pending');
INSERT INTO public.task_assignments VALUES ('878e51a7-86ab-494f-a282-069cc9b22882', '65bd9723-2996-4ef5-8627-619cae10ef3e', '49459fe7-4d26-4199-a022-7cb8d906f20f', '2025-09-23 09:06:18.350648', NULL, 'Pending');
INSERT INTO public.task_assignments VALUES ('d5c3e195-4225-4a20-b7b9-c69fdbcd9a29', 'b1751ce3-5906-4a62-adf0-3726da33e80f', '49459fe7-4d26-4199-a022-7cb8d906f20f', '2025-09-23 09:38:01.872814', NULL, 'Pending');
INSERT INTO public.task_assignments VALUES ('f1fdd4c5-58e7-4062-8709-42f7a78e09cf', 'b0b74ef4-75f3-4194-a058-044b88ec4826', '49459fe7-4d26-4199-a022-7cb8d906f20f', '2025-09-23 10:00:59.734034', '2025-09-23 10:13:14.879271', 'Completed');
INSERT INTO public.task_assignments VALUES ('33fc581a-b7df-4e65-b5c3-da1214914e82', '597ac861-f579-4747-8254-b9f69caded90', '49459fe7-4d26-4199-a022-7cb8d906f20f', '2025-09-23 10:48:34.247052', NULL, 'Pending');
INSERT INTO public.task_assignments VALUES ('5c85cde9-d19d-45a3-9041-ad45e565324d', '597ac861-f579-4747-8254-b9f69caded90', '2ab3b987-fc12-4e33-bbfa-5fa1a17dbb13', '2025-09-23 10:48:34.247052', NULL, 'Pending');
INSERT INTO public.task_assignments VALUES ('630e10d5-8d97-473f-889c-f376eac58a54', '51a2fc2d-d259-4d11-8ca6-b7abd5d7014e', '49459fe7-4d26-4199-a022-7cb8d906f20f', '2025-09-23 10:48:51.385255', NULL, 'Pending');
INSERT INTO public.task_assignments VALUES ('e8190a2e-c62c-410b-a625-964213b7b109', '51a2fc2d-d259-4d11-8ca6-b7abd5d7014e', '2ab3b987-fc12-4e33-bbfa-5fa1a17dbb13', '2025-09-23 10:48:51.385255', NULL, 'Pending');
INSERT INTO public.task_assignments VALUES ('c3bf9542-5e90-40c1-a61c-b00eef7507e0', 'e07c7a64-87b3-4be0-998e-e6b36d370617', '49459fe7-4d26-4199-a022-7cb8d906f20f', '2025-09-23 10:51:04.012873', NULL, 'Pending');
INSERT INTO public.task_assignments VALUES ('ba3631fb-636a-48ee-ab5d-93af46bab7c6', 'c86d3c7d-1216-4b06-bedb-213ffec0f3e8', '49459fe7-4d26-4199-a022-7cb8d906f20f', '2025-09-23 10:54:20.945533', NULL, 'Pending');
INSERT INTO public.task_assignments VALUES ('17800925-8478-4d4e-a154-983cd490cf66', 'c71af977-17fd-4b2b-9f0c-fc5713a6b4a9', '49459fe7-4d26-4199-a022-7cb8d906f20f', '2025-09-23 14:08:38.494209', NULL, 'Pending');
INSERT INTO public.task_assignments VALUES ('fcbb4605-07c9-4c2a-a2ae-4f500a6a362e', 'c71af977-17fd-4b2b-9f0c-fc5713a6b4a9', '30f3cf89-bfe7-433b-9d6a-e54c314913c5', '2025-09-23 14:08:38.494209', NULL, 'Pending');
INSERT INTO public.task_assignments VALUES ('0d4729f5-90bd-4e65-a734-f32d04b79e61', 'c71af977-17fd-4b2b-9f0c-fc5713a6b4a9', '2ab3b987-fc12-4e33-bbfa-5fa1a17dbb13', '2025-09-23 14:08:38.494209', NULL, 'Pending');
INSERT INTO public.task_assignments VALUES ('16556602-fd4a-4eae-8df8-a207a4153011', '555f7f75-4b38-4445-9cf6-50b4af5d9d61', '49459fe7-4d26-4199-a022-7cb8d906f20f', '2025-09-23 14:25:07.935102', NULL, 'Pending');
INSERT INTO public.task_assignments VALUES ('f35e20fa-be05-41a5-a278-cb9eb3b2755c', '555f7f75-4b38-4445-9cf6-50b4af5d9d61', '30f3cf89-bfe7-433b-9d6a-e54c314913c5', '2025-09-23 14:25:07.935102', NULL, 'Pending');
INSERT INTO public.task_assignments VALUES ('472cd196-14e6-458b-b872-38545740d086', '8778a444-a921-4fdc-be02-7a2b0f8d6e83', '2ab3b987-fc12-4e33-bbfa-5fa1a17dbb13', '2025-09-23 14:25:43.117597', NULL, 'Pending');
INSERT INTO public.task_assignments VALUES ('b4068b17-8061-4190-9aa8-332cb6d5123c', '4b12f3c3-7a8a-4432-9469-67ef2917fe7f', '2ab3b987-fc12-4e33-bbfa-5fa1a17dbb13', '2025-09-23 14:26:28.143903', NULL, 'Pending');
INSERT INTO public.task_assignments VALUES ('20295924-e8fa-4276-a8f6-10e64c159761', 'b51ff086-97b6-46a0-a29a-3f81c34856f1', '49459fe7-4d26-4199-a022-7cb8d906f20f', '2025-09-23 14:28:04.244959', NULL, 'Pending');
INSERT INTO public.task_assignments VALUES ('c993ed1b-4169-46ea-8547-39846568a1f7', 'b51ff086-97b6-46a0-a29a-3f81c34856f1', '2ab3b987-fc12-4e33-bbfa-5fa1a17dbb13', '2025-09-23 14:28:04.244959', NULL, 'Pending');
INSERT INTO public.task_assignments VALUES ('07416eca-f1a7-47c2-a7bb-fa8aee1107d3', 'bf7c1052-c60f-4add-b4b0-84f89350f6b7', '2ab3b987-fc12-4e33-bbfa-5fa1a17dbb13', '2025-09-23 15:29:09.558905', NULL, 'Pending');
INSERT INTO public.task_assignments VALUES ('c86ab858-28f8-42ca-85bc-d61a18d0941f', 'bf7c1052-c60f-4add-b4b0-84f89350f6b7', '49459fe7-4d26-4199-a022-7cb8d906f20f', '2025-09-23 15:29:09.558905', NULL, 'Pending');
INSERT INTO public.task_assignments VALUES ('7fa7435f-5da5-4b22-bf5f-521b8dc6ce93', 'ca7fdf9b-a967-4310-b2bd-61604c1af2d3', '2ab3b987-fc12-4e33-bbfa-5fa1a17dbb13', '2025-09-24 09:43:52.668348', '2025-09-24 09:44:55.280401', 'Completed');
INSERT INTO public.task_assignments VALUES ('da3cd975-89f1-4883-8085-b1f26bf9d1c6', 'd6f69368-6c7e-4290-a680-8b407dfd3f83', '2ab3b987-fc12-4e33-bbfa-5fa1a17dbb13', '2025-09-24 11:03:04.768393', NULL, 'Pending');
INSERT INTO public.task_assignments VALUES ('3d3f3053-666e-4e79-8e74-70e6aa2cd3a5', 'd6f69368-6c7e-4290-a680-8b407dfd3f83', 'e53978dd-3afe-4ad2-b06e-7ad01de42f81', '2025-09-24 11:03:04.768393', NULL, 'Pending');
INSERT INTO public.task_assignments VALUES ('4fae3764-64db-4933-a5e8-c3fa48521c22', 'e542c9b8-25d3-44b8-95de-cf511ceb2536', '75ce2754-bd2f-433c-96ac-42a94fbde818', '2025-09-24 11:03:46.984215', NULL, 'Pending');
INSERT INTO public.task_assignments VALUES ('273ff438-d1e5-49c8-9308-f74f01c76c3b', 'e542c9b8-25d3-44b8-95de-cf511ceb2536', '64285109-002c-4598-8afc-d2ac755ab026', '2025-09-24 11:03:46.984215', NULL, 'Pending');
INSERT INTO public.task_assignments VALUES ('37e45d9a-01b9-4d12-8740-9a51c5203396', '21eaffda-f755-44e1-953b-d06dca88b18e', '2ab3b987-fc12-4e33-bbfa-5fa1a17dbb13', '2025-09-24 11:13:50.90217', NULL, 'Pending');


--
-- Data for Name: task_comments; Type: TABLE DATA; Schema: public; Owner: postgres
--

INSERT INTO public.task_comments VALUES ('8d4e6383-aabf-47c0-a919-e3bf0aaa16a2', 'a95884a8-21b7-4d6f-8067-de57a513c421', '2ab3b987-fc12-4e33-bbfa-5fa1a17dbb13', 'ty', '2025-08-31 21:31:54.767869', '2025-09-01 13:10:22.883337');
INSERT INTO public.task_comments VALUES ('de7d510f-e464-466f-abb8-297b53adb305', 'a95884a8-21b7-4d6f-8067-de57a513c421', '2ab3b987-fc12-4e33-bbfa-5fa1a17dbb13', 'ff', '2025-08-31 21:33:02.649486', '2025-09-01 13:10:22.883337');
INSERT INTO public.task_comments VALUES ('e467ec27-e85a-41a5-9276-09a37cfcf1c8', 'b599aa36-84a3-459a-8967-dbbb5e9cabf9', '2ab3b987-fc12-4e33-bbfa-5fa1a17dbb13', 'ok c fait mr', '2025-08-31 21:33:42.830648', '2025-09-01 13:10:22.883337');
INSERT INTO public.task_comments VALUES ('4eac7f6a-127b-4a07-aa09-83a94b3d92bc', 'a95884a8-21b7-4d6f-8067-de57a513c421', '2ab3b987-fc12-4e33-bbfa-5fa1a17dbb13', 'tytytyty', '2025-08-31 21:41:51.779792', '2025-09-01 13:10:22.883337');
INSERT INTO public.task_comments VALUES ('fb7ac765-b8c2-40b9-bb84-40f80ad9e8bd', 'a95884a8-21b7-4d6f-8067-de57a513c421', '2ab3b987-fc12-4e33-bbfa-5fa1a17dbb13', 'ok tjr', '2025-08-31 21:42:43.379156', '2025-09-01 13:10:22.883337');
INSERT INTO public.task_comments VALUES ('4ca8d564-b373-45b1-9542-8e0241d90d64', 'a95884a8-21b7-4d6f-8067-de57a513c421', '2ab3b987-fc12-4e33-bbfa-5fa1a17dbb13', 'tttt', '2025-08-31 21:48:21.956776', '2025-09-01 13:10:22.883337');
INSERT INTO public.task_comments VALUES ('bc6b7a3a-5d27-496f-b994-d0d6da4a48be', '30de13d3-1ee1-4708-b1b0-5b5a1f0bbeda', '2ab3b987-fc12-4e33-bbfa-5fa1a17dbb13', 'ok', '2025-08-31 21:49:15.977986', '2025-09-01 13:10:22.883337');
INSERT INTO public.task_comments VALUES ('206f9e9e-fb9d-4bf9-9516-610b29c668b0', '30de13d3-1ee1-4708-b1b0-5b5a1f0bbeda', '2ab3b987-fc12-4e33-bbfa-5fa1a17dbb13', 'ttttgyhbh', '2025-08-31 22:00:10.077301', '2025-09-01 13:10:22.883337');
INSERT INTO public.task_comments VALUES ('d861650f-fdc6-4d38-b1ff-a83ec91a165e', '30de13d3-1ee1-4708-b1b0-5b5a1f0bbeda', '2ab3b987-fc12-4e33-bbfa-5fa1a17dbb13', 'je vois mlle', '2025-08-31 22:09:12.501244', '2025-09-01 13:10:22.883337');
INSERT INTO public.task_comments VALUES ('517f25c1-f62f-4a9f-8fd7-3d2f9576aa17', '5c01a431-ea61-4eeb-9228-71e5be7ca50a', '2ab3b987-fc12-4e33-bbfa-5fa1a17dbb13', 'j ai finis !', '2025-09-01 09:19:35.931983', '2025-09-01 13:10:22.883337');
INSERT INTO public.task_comments VALUES ('16d4ea66-d41b-4f84-93fa-c15eff902b37', '821cbe74-6216-4a6d-9de2-7397f42757ff', '2ab3b987-fc12-4e33-bbfa-5fa1a17dbb13', 'ok cs comment c fais popup', '2025-09-01 13:36:42.560253', '2025-09-01 13:48:39.77471');
INSERT INTO public.task_comments VALUES ('bafab355-59aa-41c8-a01c-dd863c77781f', '747f49a1-8aac-4382-95b0-4a92c76e0ca4', '2ab3b987-fc12-4e33-bbfa-5fa1a17dbb13', 'tttok', '2025-09-01 15:32:32.697396', '2025-09-01 15:32:39.124044');
INSERT INTO public.task_comments VALUES ('f41c1988-84f3-4cd0-9478-c79147e9eeec', 'a8a7ed8b-dabc-415b-9b34-c4835c05351b', '49459fe7-4d26-4199-a022-7cb8d906f20f', 'responsable', '2025-09-01 15:42:52.723467', '2025-09-01 15:42:52.723467');
INSERT INTO public.task_comments VALUES ('c827885b-e72a-4ca7-94b8-f18316e369fe', 'c719b6a3-f731-4e42-9b85-02ff0f5c0b70', '2ab3b987-fc12-4e33-bbfa-5fa1a17dbb13', 'hi team omar', '2025-09-02 15:41:28.678858', '2025-09-02 15:41:39.882701');
INSERT INTO public.task_comments VALUES ('865a494f-555f-4920-8425-fdd846df9131', 'bbc524e1-09d3-45a7-abdf-eb333aec4be3', '49459fe7-4d26-4199-a022-7cb8d906f20f', 'sophie c une tache urgente ! complete la', '2025-09-04 14:11:18.432942', '2025-09-04 14:11:18.432942');
INSERT INTO public.task_comments VALUES ('f9738018-6e79-4581-a362-c135a0938d8e', 'a4e479ed-3099-4abf-9dc3-8d127b6cfc01', '49459fe7-4d26-4199-a022-7cb8d906f20f', 'ton rapport stp', '2025-09-08 11:16:27.832449', '2025-09-08 11:16:27.832449');
INSERT INTO public.task_comments VALUES ('23147e0d-e021-41d8-937a-5596aa045998', '56f9bef2-755f-4fc5-998c-cb17af7a6521', '49459fe7-4d26-4199-a022-7cb8d906f20f', 'ou es tu', '2025-09-11 09:26:18.523839', '2025-09-11 09:26:18.523839');
INSERT INTO public.task_comments VALUES ('5e283fa5-c55f-41d1-aeec-e8e7b615fe05', 'aa832ffd-220b-450f-ac82-56c8106eabed', '49459fe7-4d26-4199-a022-7cb8d906f20f', 'ok pour moi', '2025-09-16 11:42:28.940255', '2025-09-16 11:42:28.940255');
INSERT INTO public.task_comments VALUES ('0cba2ed2-bb13-4a9a-903a-119f4324df9a', 'aa832ffd-220b-450f-ac82-56c8106eabed', '2ab3b987-fc12-4e33-bbfa-5fa1a17dbb13', 'j arrive', '2025-09-16 11:51:15.559595', '2025-09-16 11:51:15.559595');
INSERT INTO public.task_comments VALUES ('5e94602b-b1af-49ce-aa0c-6afd404e18e5', '3c212d9f-b6ca-46f7-8eeb-250fc9af9484', '49459fe7-4d26-4199-a022-7cb8d906f20f', 'ok monsieur merci', '2025-09-16 14:09:14.93914', '2025-09-16 14:09:14.93914');
INSERT INTO public.task_comments VALUES ('07438add-8b34-4090-858c-f8dfa3b4c56f', 'f8e1ef1e-38b2-482e-befc-ff8df1699e56', '2ab3b987-fc12-4e33-bbfa-5fa1a17dbb13', 'je suis pas au travail pardon', '2025-09-16 15:16:47.840537', '2025-09-16 15:16:47.840537');
INSERT INTO public.task_comments VALUES ('1e23ade1-1cb0-4a14-a27d-f569e29ca9da', 'f8e1ef1e-38b2-482e-befc-ff8df1699e56', '49459fe7-4d26-4199-a022-7cb8d906f20f', 'accordez moi 10 min monsieur', '2025-09-16 15:17:29.791413', '2025-09-16 15:17:29.791413');
INSERT INTO public.task_comments VALUES ('e19c2bd9-b48e-41f6-9fd4-a52d377ee12c', 'f8e1ef1e-38b2-482e-befc-ff8df1699e56', '8335ce70-8d9f-47f7-b2a3-c8fd18cd0ecf', 'ok', '2025-09-16 15:17:50.009747', '2025-09-16 15:17:50.009747');
INSERT INTO public.task_comments VALUES ('f2bd279e-3ddd-4459-8e89-2beb52c0b506', 'f8e1ef1e-38b2-482e-befc-ff8df1699e56', '8335ce70-8d9f-47f7-b2a3-c8fd18cd0ecf', 'ggggg', '2025-09-16 16:00:40.624618', '2025-09-16 16:00:40.624618');
INSERT INTO public.task_comments VALUES ('9b072b47-227b-435d-8c62-9cf3884df012', '3c212d9f-b6ca-46f7-8eeb-250fc9af9484', '8335ce70-8d9f-47f7-b2a3-c8fd18cd0ecf', 'oknoo mr', '2025-09-17 11:53:46.440386', '2025-09-17 11:59:22.071324');
INSERT INTO public.task_comments VALUES ('2ac20ba2-c025-4871-b584-b50a4cdc464e', 'bc546d87-f1fe-4590-97b6-e34fe5f8b8ff', '49459fe7-4d26-4199-a022-7cb8d906f20f', 'ok monsieur !', '2025-09-17 14:27:42.647097', '2025-09-17 14:27:42.647097');
INSERT INTO public.task_comments VALUES ('f0e86e0c-2efb-401f-8fc8-f9bbc8cde508', 'bc546d87-f1fe-4590-97b6-e34fe5f8b8ff', '30f3cf89-bfe7-433b-9d6a-e54c314913c5', 'a votre disposition', '2025-09-17 14:28:10.580402', '2025-09-17 14:28:10.580402');
INSERT INTO public.task_comments VALUES ('8511c0cc-ab8c-435a-a379-61699d1e0230', '80416885-9154-4b07-8c73-76018de9e541', '2ab3b987-fc12-4e33-bbfa-5fa1a17dbb13', 'j arrive dans 3 min', '2025-09-17 15:30:27.879755', '2025-09-17 15:30:27.879755');
INSERT INTO public.task_comments VALUES ('02825f2f-ed64-4ccb-8c8c-038762f0f0e1', '80416885-9154-4b07-8c73-76018de9e541', '2ab3b987-fc12-4e33-bbfa-5fa1a17dbb13', 'okkkkkkkkkkkk', '2025-09-17 15:32:37.182804', '2025-09-17 15:32:37.182804');
INSERT INTO public.task_comments VALUES ('a5a50399-5a35-4ca1-be1e-d2854ba6291f', '80416885-9154-4b07-8c73-76018de9e541', '2ab3b987-fc12-4e33-bbfa-5fa1a17dbb13', 'ca marche', '2025-09-17 15:49:31.232269', '2025-09-17 15:49:31.232269');
INSERT INTO public.task_comments VALUES ('a447058a-230e-4067-a80e-96badf280c4a', '80416885-9154-4b07-8c73-76018de9e541', '2ab3b987-fc12-4e33-bbfa-5fa1a17dbb13', 'aller', '2025-09-17 15:50:38.777013', '2025-09-17 15:50:38.777013');
INSERT INTO public.task_comments VALUES ('bf83621a-e7b8-4db4-abbe-69d7c163e0f6', '80416885-9154-4b07-8c73-76018de9e541', '2ab3b987-fc12-4e33-bbfa-5fa1a17dbb13', 'troooooop', '2025-09-17 15:55:00.322143', '2025-09-17 15:55:00.322143');
INSERT INTO public.task_comments VALUES ('b9481664-43e4-43c3-a7d4-440627a96192', '80416885-9154-4b07-8c73-76018de9e541', '2ab3b987-fc12-4e33-bbfa-5fa1a17dbb13', 'ouvre moi la porte stp', '2025-09-17 15:58:22.804378', '2025-09-17 15:58:22.804378');
INSERT INTO public.task_comments VALUES ('1810ae4d-6f12-4edf-aa73-ae192234ee63', '80416885-9154-4b07-8c73-76018de9e541', '2ab3b987-fc12-4e33-bbfa-5fa1a17dbb13', 'tu es ou mr directeur', '2025-09-18 08:50:19.946751', '2025-09-18 08:50:19.946751');
INSERT INTO public.task_comments VALUES ('56a9d0ff-355c-4ce5-9933-c711b4b21422', '80416885-9154-4b07-8c73-76018de9e541', '2ab3b987-fc12-4e33-bbfa-5fa1a17dbb13', 'c tjr moi qui commente ou quoi', '2025-09-18 09:50:09.847228', '2025-09-18 09:50:09.847228');
INSERT INTO public.task_comments VALUES ('1eaf2f33-bdbf-4732-bcfc-29aa1028fe6c', '516384f6-59f1-4b9f-95f1-46885b8585fa', '2ab3b987-fc12-4e33-bbfa-5fa1a17dbb13', 'j ai fais , je vais l envoy├й', '2025-09-18 10:02:32.492585', '2025-09-18 10:02:32.492585');
INSERT INTO public.task_comments VALUES ('5064c627-4ea8-4a11-9397-310e7f8dadd9', '516384f6-59f1-4b9f-95f1-46885b8585fa', '2ab3b987-fc12-4e33-bbfa-5fa1a17dbb13', 'ok', '2025-09-18 10:06:04.724241', '2025-09-18 10:06:04.724241');
INSERT INTO public.task_comments VALUES ('b95e37ec-e65f-42e9-966b-9d4145b1a6c7', '516384f6-59f1-4b9f-95f1-46885b8585fa', '2ab3b987-fc12-4e33-bbfa-5fa1a17dbb13', 'okkkk', '2025-09-18 10:06:14.331182', '2025-09-18 10:06:14.331182');
INSERT INTO public.task_comments VALUES ('eb344a21-5358-4a06-8f0e-58374f55a0a2', '516384f6-59f1-4b9f-95f1-46885b8585fa', '2ab3b987-fc12-4e33-bbfa-5fa1a17dbb13', 'ou sonts les informaticien !', '2025-09-18 10:10:32.916089', '2025-09-18 10:10:32.916089');
INSERT INTO public.task_comments VALUES ('a3f1ccf6-8b55-4d26-b2c9-874504f53745', '516384f6-59f1-4b9f-95f1-46885b8585fa', '49459fe7-4d26-4199-a022-7cb8d906f20f', 'les empoy├йes de mon departement on tous envoy├й leurs rapports !', '2025-09-18 10:12:12.292999', '2025-09-18 10:12:12.292999');
INSERT INTO public.task_comments VALUES ('db91cdc4-dea8-4bd9-954c-f7a93f48d5a2', '80416885-9154-4b07-8c73-76018de9e541', '2ab3b987-fc12-4e33-bbfa-5fa1a17dbb13', '...', '2025-09-18 10:14:00.552956', '2025-09-18 10:14:00.552956');
INSERT INTO public.task_comments VALUES ('19a1e60c-5dd4-4d02-8e26-e95988f6d9b5', 'c975fb1a-bf20-4a26-a0a6-1015ca7547da', '49459fe7-4d26-4199-a022-7cb8d906f20f', 'recu ?', '2025-09-18 14:42:08.216032', '2025-09-18 14:42:08.216032');
INSERT INTO public.task_comments VALUES ('83e586d1-ddd2-4f4a-ae8a-b27a77466abe', '91aa1144-f535-421c-bcdd-c223f3ebe648', '49459fe7-4d26-4199-a022-7cb8d906f20f', 'd accord monsier', '2025-09-18 15:28:33.247218', '2025-09-18 15:28:33.247218');
INSERT INTO public.task_comments VALUES ('24ff15a0-18fc-4d89-840c-06250a3f17cf', '91aa1144-f535-421c-bcdd-c223f3ebe648', '2ab3b987-fc12-4e33-bbfa-5fa1a17dbb13', 'mon rapport sera envoy├й avant 1 heure', '2025-09-18 15:28:54.319578', '2025-09-18 15:28:54.319578');
INSERT INTO public.task_comments VALUES ('060d42d7-2497-43e3-8443-ddbb4d38467b', '1e219d65-964e-44b7-9c83-7390da7d8367', '2ab3b987-fc12-4e33-bbfa-5fa1a17dbb13', 'ko', '2025-09-18 20:48:44.854817', '2025-09-18 20:48:44.854817');
INSERT INTO public.task_comments VALUES ('fef222b5-7c39-49d2-acc7-33a2d39b1dbd', '3083d1f0-c564-4cf8-b2ec-a38403636881', '2ab3b987-fc12-4e33-bbfa-5fa1a17dbb13', 'a vous aussi', '2025-09-18 22:26:18.30506', '2025-09-18 22:26:18.30506');
INSERT INTO public.task_comments VALUES ('e1b589e7-4a30-41ac-9adf-133c363f34a3', '2a57a4dd-744a-4427-aa2f-5d0e7210d329', '8335ce70-8d9f-47f7-b2a3-c8fd18cd0ecf', 'parfait !', '2025-09-21 09:41:11.619966', '2025-09-21 09:41:11.619966');


--
-- Data for Name: user_sessions; Type: TABLE DATA; Schema: public; Owner: postgres
--



--
-- PostgreSQL database dump complete
--

